epoch,train_loss,validation_mcc,threshold,bce_loss,physics_loss_raw,physics_loss_weighted,bce_grad_norm,physics_grad_norm_raw,physics_grad_norm_weighted,weighted_to_bce_grad_ratio,gradient_cosine
1,1.2455563113607209,0.19649924849291975,0.6549999999999999,1.190123438835144,0.0008472484769299626,8.472484769299627e-09,0.07363997399806976,0.0003939621092285961,3.939621092285961e-09,5.349840417365201e-08,-0.1420842409133911
2,1.1849513125830684,0.20303526978318007,0.7799999999999999,1.1544283628463745,0.00025236152578145266,2.5236152578145268e-09,0.13842268288135529,0.00046998861944302917,4.699886194430292e-09,3.395315057185139e-08,-0.631331741809845
3,1.1753254450600723,0.20368514161110357,0.845,1.144540786743164,0.00022978617926128209,2.297861792612821e-09,0.05865856632590294,0.0005449057789519429,5.44905778951943e-09,9.289449318015789e-08,-0.5839672088623047
4,1.1720980118060935,0.20719136394800103,0.825,1.1431465148925781,0.0002775632601696998,2.775632601696998e-09,0.041660480201244354,0.0006401888094842434,6.4018880948424345e-09,1.5366813017799102e-07,-0.4232461154460907
5,1.16978644502574,0.21012892144951467,0.8549999999999999,1.1396480798721313,0.0003110008838120848,3.110008838120848e-09,0.0378035306930542,0.0006857437547296286,6.857437547296286e-09,1.8139674844064846e-07,0.2699112594127655
6,1.1681168243802826,0.20773265189430448,0.8599999999999999,1.1411172151565552,0.0003545051731634885,3.545051731634885e-09,0.1432463675737381,0.0007420570473186672,7.420570473186673e-09,5.1802852657794825e-08,0.32227659225463867
7,1.1675670136665475,0.20645136097291794,0.8699999999999999,1.1373120546340942,0.0004047219699714333,4.0472196997143335e-09,0.05104687809944153,0.000832658086437732,8.32658086437732e-09,1.6311635842169976e-07,-0.20267976820468903
8,1.162943693070576,0.20990966754783555,0.815,1.1353697776794434,0.00048570422222837806,4.857042222283781e-09,0.06005572900176048,0.0009341866243630648,9.341866243630648e-09,1.5555329023408905e-07,-0.2052503228187561
9,1.1586311582861275,0.2053276027101404,0.7699999999999999,1.140636682510376,0.0006209150305949152,6.209150305949152e-09,0.13966627418994904,0.0011290780967101455,1.1290780967101455e-08,8.084114101694843e-08,-0.18889421224594116
