model,seed,attack,mcc,auroc,attack_recall
LSTM,11,daily_flattening,0.32408803593013896,0.756043956043956,0.7
LSTM,11,noise,0.169291618328479,0.5244755244755244,0.45454545454545453
LSTM,11,partial_zeroing,0.10361867758600996,0.5910518053375196,0.3333333333333333
LSTM,11,peak_clipping,0.2178339242048817,0.6119144013880856,0.47368421052631576
LSTM,11,reversal,0.023280575352089543,0.46886446886446886,0.25
LSTM,11,scaled_reduction,0.3643625900745181,0.7747252747252747,0.6666666666666666
LSTM,23,daily_flattening,-0.0784348521245653,0.31868131868131866,0.06666666666666667
LSTM,23,noise,-0.05572409401803959,0.3424908424908425,0.08333333333333333
LSTM,23,partial_zeroing,0.0812209433287056,0.699023199023199,0.2222222222222222
LSTM,23,peak_clipping,0.19327783587126707,0.6177394034536892,0.35714285714285715
LSTM,23,reversal,-0.04818120558297158,0.5,0.1
LSTM,23,scaled_reduction,0.47527870864351884,0.782051282051282,0.75
LSTM,37,daily_flattening,-0.030290828101854492,0.33281004709576134,0.21428571428571427
LSTM,37,noise,-0.037085525320158845,0.5159051474840948,0.21052631578947367
LSTM,37,partial_zeroing,0.048478146168789114,0.5652472527472527,0.3125
LSTM,37,peak_clipping,0.17637522718169119,0.7344322344322344,0.5
LSTM,37,reversal,-0.04273015845104084,0.4117216117216117,0.2
LSTM,37,scaled_reduction,0.21499134152554691,0.7743589743589743,0.5333333333333333
LSTM,53,daily_flattening,0.23502786055720126,0.6094674556213018,1.0
LSTM,53,noise,0.00473435623727381,0.5618131868131868,0.6875
LSTM,53,partial_zeroing,0.11485985145121062,0.6229395604395604,0.875
LSTM,53,peak_clipping,0.16184117493773073,0.6858435681965094,0.8823529411764706
LSTM,53,reversal,0.0892158006592926,0.5500289184499711,0.7894736842105263
LSTM,53,scaled_reduction,0.21874903631585574,0.8290598290598291,0.9444444444444444
LSTM,71,daily_flattening,-0.14165539998607804,0.47409733124018844,0.21428571428571427
LSTM,71,noise,-0.004297548839972763,0.5223012281835812,0.4117647058823529
LSTM,71,partial_zeroing,0.2991830368027063,0.6797488226059654,0.8571428571428571
LSTM,71,peak_clipping,0.18255958165266709,0.5925612848689772,0.6923076923076923
LSTM,71,reversal,-0.0918538373239209,0.5048480930833872,0.29411764705882354
LSTM,71,scaled_reduction,0.059368588718972416,0.510989010989011,0.5
LSTM,89,daily_flattening,0.0,0.512087912087912,0.0
LSTM,89,noise,0.0,0.4696356275303643,0.0
LSTM,89,partial_zeroing,0.0,0.6648351648351648,0.0
LSTM,89,peak_clipping,0.0,0.5435333896872359,0.0
LSTM,89,reversal,0.0,0.14468864468864467,0.0
LSTM,89,scaled_reduction,0.0,0.7705235940530057,0.0
LSTM,107,daily_flattening,-0.09938693418529143,0.2939560439560439,0.0
LSTM,107,noise,0.10431776387607505,0.6730769230769231,0.2
LSTM,107,partial_zeroing,0.15146206938921217,0.5014985014985015,0.2727272727272727
LSTM,107,peak_clipping,0.13596547005117568,0.579185520361991,0.23529411764705882
LSTM,107,reversal,-0.055646319394348644,0.4690934065934066,0.0625
LSTM,107,scaled_reduction,-0.005610335454685608,0.6766917293233082,0.10526315789473684
LSTM,131,daily_flattening,-0.1310356045902398,0.4021978021978022,0.0
LSTM,131,noise,0.2287237822097536,0.6413586413586413,0.36363636363636365
LSTM,131,partial_zeroing,-0.07214791053658226,0.5176402544823597,0.05263157894736842
LSTM,131,peak_clipping,0.07451755367231847,0.6250808015513898,0.17647058823529413
LSTM,131,reversal,-0.01898101898101898,0.4545454545454546,0.09090909090909091
LSTM,131,scaled_reduction,-0.06697668948863124,0.6807081807081807,0.05555555555555555
LSTM,149,daily_flattening,0.044642857142857144,0.39903846153846156,0.1875
LSTM,149,noise,-0.1636634176769943,0.38705738705738707,0.0
LSTM,149,partial_zeroing,0.03412261549897399,0.6513486513486513,0.18181818181818182
LSTM,149,peak_clipping,0.016123225690132085,0.6252168883747831,0.15789473684210525
LSTM,149,reversal,0.01034452008423497,0.41842772612003387,0.15384615384615385
LSTM,149,scaled_reduction,0.06756187343149266,0.7017268445839875,0.21428571428571427
LSTM,173,daily_flattening,-0.053392955798087345,0.4099746407438715,0.15384615384615385
LSTM,173,noise,-0.06425263978050369,0.445839874411303,0.14285714285714285
LSTM,173,partial_zeroing,0.08617696590032575,0.6620879120879122,0.3333333333333333
LSTM,173,peak_clipping,0.2791461020271941,0.6282051282051282,0.5555555555555556
LSTM,173,reversal,-0.12607465830311831,0.45054945054945056,0.07142857142857142
LSTM,173,scaled_reduction,0.32261300144197824,0.7274725274725274,0.6
Attention-LSTM,11,daily_flattening,-0.006470154480826261,0.554945054945055,0.2
Attention-LSTM,11,noise,0.04821771230049424,0.5214785214785214,0.2727272727272727
Attention-LSTM,11,partial_zeroing,0.5020575448866075,0.8435374149659864,0.8095238095238095
Attention-LSTM,11,peak_clipping,0.04975944302345654,0.5384615384615384,0.2631578947368421
Attention-LSTM,11,reversal,-0.17270586423628254,0.37087912087912084,0.0
Attention-LSTM,11,scaled_reduction,0.3768566354180868,0.7832722832722833,0.6666666666666666
Attention-LSTM,23,daily_flattening,-0.0784348521245653,0.3274725274725275,0.06666666666666667
Attention-LSTM,23,noise,-0.05572409401803959,0.33058608058608063,0.08333333333333333
Attention-LSTM,23,partial_zeroing,0.5047583866340553,0.8608058608058609,0.7222222222222222
Attention-LSTM,23,peak_clipping,0.19327783587126707,0.6271585557299842,0.35714285714285715
Attention-LSTM,23,reversal,-0.04818120558297158,0.4956043956043955,0.1
Attention-LSTM,23,scaled_reduction,0.47527870864351884,0.7838827838827839,0.75
Attention-LSTM,37,daily_flattening,-0.038461538461538464,0.29591836734693877,0.21428571428571427
Attention-LSTM,37,noise,-0.0461747325729287,0.4910352805089647,0.21052631578947367
Attention-LSTM,37,partial_zeroing,0.03912292895129707,0.7637362637362637,0.3125
Attention-LSTM,37,peak_clipping,0.16683467872594968,0.7078754578754578,0.5
Attention-LSTM,37,reversal,-0.05098676986156824,0.47692307692307695,0.2
Attention-LSTM,37,scaled_reduction,0.30087815483526853,0.7809523809523808,0.6666666666666666
Attention-LSTM,53,daily_flattening,-0.11065666703449763,0.31445477599323757,0.07692307692307693
Attention-LSTM,53,noise,0.14007407007919057,0.570054945054945,0.375
Attention-LSTM,53,partial_zeroing,0.18793144676203896,0.8653846153846154,0.5
Attention-LSTM,53,peak_clipping,0.12446597791781062,0.6729153199741436,0.35294117647058826
Attention-LSTM,53,reversal,-0.09957513036225712,0.41873915558126085,0.10526315789473684
Attention-LSTM,53,scaled_reduction,0.33446778406531075,0.8247863247863247,0.6111111111111112
Attention-LSTM,71,daily_flattening,-0.14165539998607804,0.3602825745682888,0.21428571428571427
Attention-LSTM,71,noise,-0.004297548839972763,0.5158371040723981,0.4117647058823529
Attention-LSTM,71,partial_zeroing,0.05661385170722979,0.6821036106750392,0.5
Attention-LSTM,71,peak_clipping,0.18255958165266709,0.6720202874049028,0.6923076923076923
Attention-LSTM,71,reversal,-0.0918538373239209,0.42016806722689076,0.29411764705882354
Attention-LSTM,71,scaled_reduction,0.059368588718972416,0.7149725274725275,0.5
Attention-LSTM,89,daily_flattening,-0.06091942599848962,0.5208791208791208,0.75
Attention-LSTM,89,noise,-0.07214791053658226,0.4794679005205321,0.7368421052631579
Attention-LSTM,89,partial_zeroing,0.18223949410386656,0.8701923076923077,1.0
Attention-LSTM,89,peak_clipping,0.09606506961737249,0.5350803043110736,0.9230769230769231
Attention-LSTM,89,reversal,-0.18648307791155452,0.22893772893772896,0.5
Attention-LSTM,89,scaled_reduction,0.18681318681318682,0.755656108597285,1.0
Attention-LSTM,107,daily_flattening,-0.16772557387550693,0.2458791208791209,0.0
Attention-LSTM,107,noise,0.11561853230868585,0.6664835164835166,0.4
Attention-LSTM,107,partial_zeroing,0.4810376017052275,0.7752247752247753,1.0
Attention-LSTM,107,peak_clipping,0.07253139007264661,0.5746606334841629,0.35294117647058826
Attention-LSTM,107,reversal,-0.06259150810171366,0.47046703296703296,0.1875
Attention-LSTM,107,scaled_reduction,0.3364144347892721,0.6778484673221514,0.6842105263157895
Attention-LSTM,131,daily_flattening,-0.1310356045902398,0.37362637362637363,0.0
Attention-LSTM,131,noise,0.2287237822097536,0.6323676323676324,0.36363636363636365
Attention-LSTM,131,partial_zeroing,-0.07214791053658226,0.7663389242336611,0.05263157894736842
Attention-LSTM,131,peak_clipping,0.07451755367231847,0.6173238526179703,0.17647058823529413
Attention-LSTM,131,reversal,-0.01898101898101898,0.3966033966033966,0.09090909090909091
Attention-LSTM,131,scaled_reduction,-0.06697668948863124,0.6935286935286935,0.05555555555555555
Attention-LSTM,149,daily_flattening,0.0,0.4375,0.0
Attention-LSTM,149,noise,0.0,0.38766788766788773,0.0
Attention-LSTM,149,partial_zeroing,0.4067610422035835,0.7932067932067932,0.18181818181818182
Attention-LSTM,149,peak_clipping,0.0,0.6512434933487564,0.0
Attention-LSTM,149,reversal,0.0,0.4911242603550296,0.0
Attention-LSTM,149,scaled_reduction,0.4372373160976031,0.6962323390894819,0.21428571428571427
Attention-LSTM,173,daily_flattening,-0.02486823656509969,0.35925612848689775,0.23076923076923078
Attention-LSTM,173,noise,-0.09519974546297126,0.44740973312401877,0.14285714285714285
Attention-LSTM,173,partial_zeroing,0.3886109750034991,0.8754578754578755,0.8333333333333334
Attention-LSTM,173,peak_clipping,0.23388418576054085,0.6208791208791209,0.5555555555555556
Attention-LSTM,173,reversal,-0.09519974546297126,0.4364207221350078,0.14285714285714285
Attention-LSTM,173,scaled_reduction,0.2760793005999911,0.7291208791208792,0.6
CNN-LSTM,11,daily_flattening,0.02807147147366141,0.5362637362637362,0.2
CNN-LSTM,11,noise,0.15838723999802065,0.5134865134865134,0.36363636363636365
CNN-LSTM,11,partial_zeroing,0.5570066518960167,0.8220826792255364,0.8095238095238095
CNN-LSTM,11,peak_clipping,0.0963640783789534,0.5320994794679005,0.2631578947368421
CNN-LSTM,11,reversal,-0.14992505620316599,0.3653846153846154,0.0
CNN-LSTM,11,scaled_reduction,0.4316443499612039,0.7802197802197802,0.6666666666666666
CNN-LSTM,23,daily_flattening,-0.06928042297946609,0.31025641025641026,0.06666666666666667
CNN-LSTM,23,noise,-0.04688907005787792,0.3434065934065934,0.08333333333333333
CNN-LSTM,23,partial_zeroing,0.3919507998301553,0.854090354090354,0.5555555555555556
CNN-LSTM,23,peak_clipping,0.2078889405431769,0.5871271585557299,0.35714285714285715
CNN-LSTM,23,reversal,-0.03689286771227045,0.48131868131868133,0.1
CNN-LSTM,23,scaled_reduction,0.4922388416504642,0.7774725274725275,0.75
CNN-LSTM,37,daily_flattening,0.0,0.716640502354788,1.0
CNN-LSTM,37,noise,0.0,0.47484094852515907,1.0
CNN-LSTM,37,partial_zeroing,0.0,0.41483516483516486,1.0
CNN-LSTM,37,peak_clipping,0.0,0.304029304029304,1.0
CNN-LSTM,37,reversal,0.0,0.567032967032967,1.0
CNN-LSTM,37,scaled_reduction,0.0,0.22564102564102564,1.0
CNN-LSTM,53,daily_flattening,0.0,0.4767540152155537,1.0
CNN-LSTM,53,noise,0.0,0.5556318681318682,1.0
CNN-LSTM,53,partial_zeroing,0.0,0.5206043956043955,1.0
CNN-LSTM,53,peak_clipping,0.0,0.680672268907563,1.0
CNN-LSTM,53,reversal,0.0,0.4939271255060729,1.0
CNN-LSTM,53,scaled_reduction,0.0,0.7002442002442002,1.0
CNN-LSTM,71,daily_flattening,-0.1346153846153846,0.3485086342229199,0.21428571428571427
CNN-LSTM,71,noise,0.0038329089686267525,0.524240465416936,0.4117647058823529
CNN-LSTM,71,partial_zeroing,0.06435332511087412,0.6342229199372056,0.5
CNN-LSTM,71,peak_clipping,0.13937096857629283,0.6576500422654269,0.6153846153846154
CNN-LSTM,71,reversal,-0.08402479826832238,0.4143503555268261,0.29411764705882354
CNN-LSTM,71,scaled_reduction,0.06747705491683609,0.7293956043956044,0.5
CNN-LSTM,89,daily_flattening,0.0,0.5181318681318682,0.0
CNN-LSTM,89,noise,0.0,0.47541931752458066,0.0
CNN-LSTM,89,partial_zeroing,0.0,0.7396978021978022,0.0
CNN-LSTM,89,peak_clipping,0.0,0.5452240067624683,0.0
CNN-LSTM,89,reversal,0.0,0.141025641025641,0.0
CNN-LSTM,89,scaled_reduction,0.0,0.7744020685197156,0.0
CNN-LSTM,107,daily_flattening,-0.10482848367219183,0.22802197802197802,0.0
CNN-LSTM,107,noise,0.08894991799933215,0.682967032967033,0.2
CNN-LSTM,107,partial_zeroing,0.05668212412725118,0.4975024975024975,0.18181818181818182
CNN-LSTM,107,peak_clipping,0.12048722601554555,0.5727213962508081,0.23529411764705882
CNN-LSTM,107,reversal,-0.0659759743266858,0.47527472527472525,0.0625
CNN-LSTM,107,scaled_reduction,-0.018285579324805387,0.6772700983227299,0.10526315789473684
CNN-LSTM,131,daily_flattening,-0.1310356045902398,0.4205128205128206,0.0
CNN-LSTM,131,noise,0.2287237822097536,0.6353646353646354,0.36363636363636365
CNN-LSTM,131,partial_zeroing,-0.07214791053658226,0.6205899363794101,0.05263157894736842
CNN-LSTM,131,peak_clipping,0.07451755367231847,0.6218487394957983,0.17647058823529413
CNN-LSTM,131,reversal,-0.01898101898101898,0.42757242757242764,0.09090909090909091
CNN-LSTM,131,scaled_reduction,-0.06697668948863124,0.6837606837606838,0.05555555555555555
CNN-LSTM,149,daily_flattening,0.0,0.42719780219780223,0.0
CNN-LSTM,149,noise,0.0,0.39865689865689863,0.0
CNN-LSTM,149,partial_zeroing,0.5006882315714638,0.7972027972027972,0.2727272727272727
CNN-LSTM,149,peak_clipping,0.0,0.6182764603817235,0.0
CNN-LSTM,149,reversal,0.0,0.47928994082840237,0.0
CNN-LSTM,149,scaled_reduction,0.4372373160976031,0.6993720565149136,0.21428571428571427
CNN-LSTM,173,daily_flattening,0.01034452008423497,0.36770921386306005,0.15384615384615385
CNN-LSTM,173,noise,-0.07142857142857142,0.46153846153846156,0.07142857142857142
CNN-LSTM,173,partial_zeroing,0.2954179256673254,0.8269230769230769,0.5
CNN-LSTM,173,peak_clipping,0.23601417979062955,0.6111111111111112,0.3888888888888889
CNN-LSTM,173,reversal,-0.07142857142857142,0.46153846153846156,0.07142857142857142
CNN-LSTM,173,scaled_reduction,0.38011697706910913,0.7241758241758243,0.55
CNN-TCN,11,daily_flattening,-0.029302988659510996,0.5516483516483517,0.2
CNN-TCN,11,noise,0.0867459728181513,0.5154845154845155,0.36363636363636365
CNN-TCN,11,partial_zeroing,0.6085261822552592,0.891156462585034,1.0
CNN-TCN,11,peak_clipping,0.01879677310747777,0.5384615384615384,0.2631578947368421
CNN-TCN,11,reversal,-0.1892512505005867,0.37637362637362637,0.0
CNN-TCN,11,scaled_reduction,0.34055103198605946,0.7808302808302808,0.6666666666666666
CNN-TCN,23,daily_flattening,-0.0784348521245653,0.3941391941391941,0.06666666666666667
CNN-TCN,23,noise,-0.05572409401803959,0.33974358974358976,0.08333333333333333
CNN-TCN,23,partial_zeroing,0.6268595762192326,0.9206349206349207,0.8888888888888888
CNN-TCN,23,peak_clipping,0.19327783587126707,0.6208791208791208,0.35714285714285715
CNN-TCN,23,reversal,-0.04818120558297158,0.5,0.1
CNN-TCN,23,scaled_reduction,0.47527870864351884,0.7838827838827839,0.75
CNN-TCN,37,daily_flattening,-0.038461538461538464,0.326530612244898,0.21428571428571427
CNN-TCN,37,noise,-0.0461747325729287,0.48525159051474837,0.21052631578947367
CNN-TCN,37,partial_zeroing,0.08833408953705214,0.7692307692307693,0.375
CNN-TCN,37,peak_clipping,0.16683467872594968,0.7087912087912087,0.5
CNN-TCN,37,reversal,-0.05098676986156824,0.4783882783882784,0.2
CNN-TCN,37,scaled_reduction,0.30087815483526853,0.7831501831501833,0.6666666666666666
CNN-TCN,53,daily_flattening,-0.1015346165133619,0.28825021132713435,0.0
CNN-TCN,53,noise,0.0617707763884251,0.5762362637362637,0.125
CNN-TCN,53,partial_zeroing,0.7016464154456233,1.0,1.0
CNN-TCN,53,peak_clipping,0.308922285612427,0.6632191338073691,0.35294117647058826
CNN-TCN,53,reversal,-0.11912050117987368,0.4112203585887796,0.0
CNN-TCN,53,scaled_reduction,0.5341880341880342,0.8241758241758241,0.6111111111111112
CNN-TCN,71,daily_flattening,-0.14165539998607804,0.3571428571428571,0.21428571428571427
CNN-TCN,71,noise,-0.004297548839972763,0.5158371040723981,0.4117647058823529
CNN-TCN,71,partial_zeroing,0.39598577465334617,0.7182103610675039,1.0
CNN-TCN,71,peak_clipping,0.18255958165266709,0.6711749788672865,0.6923076923076923
CNN-TCN,71,reversal,-0.0918538373239209,0.4175824175824176,0.29411764705882354
CNN-TCN,71,scaled_reduction,0.059368588718972416,0.7149725274725275,0.5
CNN-TCN,89,daily_flattening,-0.038473378245861244,0.5131868131868133,0.75
CNN-TCN,89,noise,-0.04975944302345654,0.4806246385193753,0.7368421052631579
CNN-TCN,89,partial_zeroing,0.19483849199282458,0.8804945054945055,1.0
CNN-TCN,89,peak_clipping,0.11065666703449763,0.536770921386306,0.9230769230769231
CNN-TCN,89,reversal,-0.1675169784288687,0.1886446886446886,0.5
CNN-TCN,89,scaled_reduction,0.19970344726057931,0.7550096961861668,1.0
CNN-TCN,107,daily_flattening,-0.16772557387550693,0.2403846153846154,0.0
CNN-TCN,107,noise,0.11561853230868585,0.6708791208791208,0.4
CNN-TCN,107,partial_zeroing,0.4810376017052275,0.7752247752247753,1.0
CNN-TCN,107,peak_clipping,0.07253139007264661,0.5759534583063995,0.35294117647058826
CNN-TCN,107,reversal,-0.06259150810171366,0.47596153846153844,0.1875
CNN-TCN,107,scaled_reduction,0.3364144347892721,0.6772700983227299,0.6842105263157895
CNN-TCN,131,daily_flattening,-0.1310356045902398,0.3728937728937729,0.0
CNN-TCN,131,noise,0.2287237822097536,0.6323676323676324,0.36363636363636365
CNN-TCN,131,partial_zeroing,-0.07214791053658226,0.7831116252168883,0.05263157894736842
CNN-TCN,131,peak_clipping,0.07451755367231847,0.6205559146735617,0.17647058823529413
CNN-TCN,131,reversal,-0.01898101898101898,0.4055944055944056,0.09090909090909091
CNN-TCN,131,scaled_reduction,-0.06697668948863124,0.6953601953601953,0.05555555555555555
CNN-TCN,149,daily_flattening,0.05714323040967433,0.43269230769230765,0.1875
CNN-TCN,149,noise,-0.15643009616387413,0.39499389499389503,0.0
CNN-TCN,149,partial_zeroing,0.045024366576723145,0.8271728271728271,0.18181818181818182
CNN-TCN,149,peak_clipping,0.028668672600101166,0.64893001735107,0.15789473684210525
CNN-TCN,149,reversal,0.021295885499998,0.4835164835164835,0.15384615384615385
CNN-TCN,149,scaled_reduction,0.08006407690254357,0.6962323390894819,0.21428571428571427
CNN-TCN,173,daily_flattening,0.12598815766974242,0.5486052409129332,0.46153846153846156
CNN-TCN,173,noise,0.0,0.5188383045525903,0.2857142857142857
CNN-TCN,173,partial_zeroing,0.47493569014597764,0.9624542124542124,1.0
CNN-TCN,173,peak_clipping,0.21303582393400283,0.6428571428571429,0.5555555555555556
CNN-TCN,173,reversal,-0.10981515925511534,0.38147566718995285,0.14285714285714285
CNN-TCN,173,scaled_reduction,0.1759328876372492,0.6752747252747252,0.5
Transformer,11,daily_flattening,-0.029302988659510996,0.5428571428571428,0.2
Transformer,11,noise,0.0867459728181513,0.5204795204795205,0.36363636363636365
Transformer,11,partial_zeroing,0.6085261822552592,1.0,1.0
Transformer,11,peak_clipping,0.01879677310747777,0.5349913244650086,0.2631578947368421
Transformer,11,reversal,-0.1892512505005867,0.37454212454212454,0.0
Transformer,11,scaled_reduction,0.34055103198605946,0.7832722832722833,0.6666666666666666
Transformer,23,daily_flattening,-0.0784348521245653,0.33992673992673994,0.06666666666666667
Transformer,23,noise,-0.05572409401803959,0.40476190476190477,0.08333333333333333
Transformer,23,partial_zeroing,0.7054756215026584,0.9829059829059829,1.0
Transformer,23,peak_clipping,0.19327783587126707,0.5525902668759811,0.35714285714285715
Transformer,23,reversal,-0.04818120558297158,0.48131868131868133,0.1
Transformer,23,scaled_reduction,0.47527870864351884,0.761904761904762,0.75
Transformer,37,daily_flattening,-0.030290828101854492,0.29356357927786497,0.21428571428571427
Transformer,37,noise,-0.037085525320158845,0.4945054945054945,0.21052631578947367
Transformer,37,partial_zeroing,-0.05425174782410324,0.7582417582417582,0.1875
Transformer,37,peak_clipping,0.17637522718169119,0.6996336996336996,0.5
Transformer,37,reversal,-0.04273015845104084,0.47545787545787543,0.2
Transformer,37,scaled_reduction,0.2636459880392778,0.7846153846153846,0.6
Transformer,53,daily_flattening,0.0,0.3220625528317836,0.0
Transformer,53,noise,0.0,0.570054945054945,0.0
Transformer,53,partial_zeroing,0.7778516513380695,0.9642857142857143,0.625
Transformer,53,peak_clipping,0.0,0.6567550096961862,0.0
Transformer,53,reversal,0.0,0.4170040485829959,0.0
Transformer,53,scaled_reduction,0.0,0.8247863247863247,0.0
Transformer,71,daily_flattening,-0.14165539998607804,0.28728414442700156,0.21428571428571427
Transformer,71,noise,-0.004297548839972763,0.5636716224951519,0.4117647058823529
Transformer,71,partial_zeroing,0.39598577465334617,0.7072213500784928,1.0
Transformer,71,peak_clipping,0.18255958165266709,0.6846999154691463,0.6923076923076923
Transformer,71,reversal,-0.0918538373239209,0.42533936651583715,0.29411764705882354
Transformer,71,scaled_reduction,0.059368588718972416,0.7232142857142857,0.5
Transformer,89,daily_flattening,0.012121297742039645,0.48241758241758237,0.3
Transformer,89,noise,0.025031308716087945,0.4973973395026027,0.3157894736842105
Transformer,89,partial_zeroing,0.5216405309573011,0.9079670329670331,1.0
Transformer,89,peak_clipping,0.016043698370396316,0.503803888419273,0.3076923076923077
Transformer,89,reversal,-0.15538619377310117,0.19597069597069597,0.0
Transformer,89,scaled_reduction,0.18962724747840323,0.755656108597285,0.5294117647058824
Transformer,107,daily_flattening,-0.16772557387550693,0.2197802197802198,0.0
Transformer,107,noise,0.11561853230868585,0.6703296703296704,0.4
Transformer,107,partial_zeroing,0.4810376017052275,0.7752247752247753,1.0
Transformer,107,peak_clipping,0.07253139007264661,0.5733678086619263,0.35294117647058826
Transformer,107,reversal,-0.06259150810171366,0.47184065934065933,0.1875
Transformer,107,scaled_reduction,0.3364144347892721,0.6766917293233081,0.6842105263157895
Transformer,131,daily_flattening,-0.13815273063140598,0.35311355311355314,0.0
Transformer,131,noise,0.21261014272437637,0.6273726273726273,0.36363636363636365
Transformer,131,partial_zeroing,0.7461746154731859,0.9884326200115674,1.0
Transformer,131,peak_clipping,0.0602733527030985,0.6018099547511312,0.17647058823529413
Transformer,131,reversal,-0.028853090519055883,0.4065934065934066,0.09090909090909091
Transformer,131,scaled_reduction,-0.0111906610377432,0.699023199023199,0.1111111111111111
Transformer,149,daily_flattening,0.05714323040967433,0.4203296703296703,0.1875
Transformer,149,noise,-0.15643009616387413,0.3968253968253968,0.0
Transformer,149,partial_zeroing,0.045024366576723145,0.6883116883116883,0.18181818181818182
Transformer,149,peak_clipping,0.028668672600101166,0.6500867553499132,0.15789473684210525
Transformer,149,reversal,0.021295885499998,0.48774302620456467,0.15384615384615385
Transformer,149,scaled_reduction,0.08006407690254357,0.695447409733124,0.21428571428571427
Transformer,173,daily_flattening,-0.02486823656509969,0.3440405748098056,0.23076923076923078
Transformer,173,noise,-0.09519974546297126,0.44583987441130296,0.14285714285714285
Transformer,173,partial_zeroing,0.4954000862144105,0.9890109890109889,1.0
Transformer,173,peak_clipping,0.23388418576054085,0.6141636141636142,0.5555555555555556
Transformer,173,reversal,-0.09519974546297126,0.4364207221350078,0.14285714285714285
Transformer,173,scaled_reduction,0.2760793005999911,0.7291208791208791,0.6
PI-DLNN,11,daily_flattening,-0.021914224972674454,0.5571428571428572,0.2
PI-DLNN,11,noise,0.03068169366221022,0.5204795204795205,0.2727272727272727
PI-DLNN,11,partial_zeroing,0.40409509710385483,0.8001046572475143,0.7142857142857143
PI-DLNN,11,peak_clipping,0.02881802497174443,0.5378831694621169,0.2631578947368421
PI-DLNN,11,reversal,-0.18376916754950665,0.3717948717948718,0.0
PI-DLNN,11,scaled_reduction,0.3522714905333264,0.7826617826617827,0.6666666666666666
PI-DLNN,23,daily_flattening,-0.0784348521245653,0.32380952380952377,0.06666666666666667
PI-DLNN,23,noise,-0.05572409401803959,0.3342490842490843,0.08333333333333333
PI-DLNN,23,partial_zeroing,0.6663978762940106,0.9755799755799757,0.9444444444444444
PI-DLNN,23,peak_clipping,0.19327783587126707,0.6208791208791209,0.35714285714285715
PI-DLNN,23,reversal,-0.04818120558297158,0.5038461538461538,0.1
PI-DLNN,23,scaled_reduction,0.47527870864351884,0.7847985347985348,0.75
PI-DLNN,37,daily_flattening,-0.038461538461538464,0.29591836734693877,0.21428571428571427
PI-DLNN,37,noise,-0.0461747325729287,0.49161364950838626,0.21052631578947367
PI-DLNN,37,partial_zeroing,0.03912292895129707,0.7637362637362637,0.3125
PI-DLNN,37,peak_clipping,0.16683467872594968,0.706043956043956,0.5
PI-DLNN,37,reversal,-0.05098676986156824,0.47692307692307695,0.2
PI-DLNN,37,scaled_reduction,0.25312087310007353,0.7831501831501831,0.6
PI-DLNN,53,daily_flattening,-0.03724194613619293,0.3237531699070161,0.0
PI-DLNN,53,noise,0.13563473666299108,0.570054945054945,0.0625
PI-DLNN,53,partial_zeroing,0.701333742292994,0.9271978021978022,0.625
PI-DLNN,53,peak_clipping,0.45014584165117666,0.6722689075630253,0.29411764705882354
PI-DLNN,53,reversal,-0.04376660458595762,0.42105263157894735,0.0
PI-DLNN,53,scaled_reduction,0.7119017802272605,0.8205128205128206,0.6111111111111112
PI-DLNN,71,daily_flattening,-0.14165539998607804,0.36185243328100464,0.21428571428571427
PI-DLNN,71,noise,-0.004297548839972763,0.5190691661279897,0.4117647058823529
PI-DLNN,71,partial_zeroing,0.39598577465334617,0.7111459968602826,1.0
PI-DLNN,71,peak_clipping,0.18255958165266709,0.6694843617920541,0.6923076923076923
PI-DLNN,71,reversal,-0.0918538373239209,0.4234001292824822,0.29411764705882354
PI-DLNN,71,scaled_reduction,0.059368588718972416,0.7156593406593407,0.5
PI-DLNN,89,daily_flattening,-0.027804031095457513,0.5208791208791208,0.75
PI-DLNN,89,noise,-0.0391276981584006,0.4794679005205321,0.7368421052631579
PI-DLNN,89,partial_zeroing,0.20104564348470313,0.8571428571428572,1.0
PI-DLNN,89,peak_clipping,0.11769164652597447,0.5350803043110736,0.9230769230769231
PI-DLNN,89,reversal,-0.1587140345255017,0.22710622710622713,0.5
PI-DLNN,89,scaled_reduction,0.20605228088410585,0.755656108597285,1.0
PI-DLNN,107,daily_flattening,-0.16772557387550693,0.24313186813186813,0.0
PI-DLNN,107,noise,0.11561853230868585,0.6681318681318682,0.4
PI-DLNN,107,partial_zeroing,0.4810376017052275,0.7962037962037962,1.0
PI-DLNN,107,peak_clipping,0.07253139007264661,0.5753070458952811,0.35294117647058826
PI-DLNN,107,reversal,-0.06259150810171366,0.4690934065934066,0.1875
PI-DLNN,107,scaled_reduction,0.3364144347892721,0.6778484673221515,0.6842105263157895
PI-DLNN,131,daily_flattening,-0.1310356045902398,0.37655677655677655,0.0
PI-DLNN,131,noise,0.2287237822097536,0.6343656343656343,0.36363636363636365
PI-DLNN,131,partial_zeroing,-0.07214791053658226,0.7478311162521689,0.05263157894736842
PI-DLNN,131,peak_clipping,0.07451755367231847,0.6179702650290886,0.17647058823529413
PI-DLNN,131,reversal,-0.01898101898101898,0.3986013986013986,0.09090909090909091
PI-DLNN,131,scaled_reduction,-0.06697668948863124,0.6953601953601953,0.05555555555555555
PI-DLNN,149,daily_flattening,0.05714323040967433,0.43887362637362637,0.1875
PI-DLNN,149,noise,-0.15643009616387413,0.38766788766788773,0.0
PI-DLNN,149,partial_zeroing,0.045024366576723145,0.8011988011988012,0.18181818181818182
PI-DLNN,149,peak_clipping,0.028668672600101166,0.6512434933487564,0.15789473684210525
PI-DLNN,149,reversal,0.021295885499998,0.4894336432797971,0.15384615384615385
PI-DLNN,149,scaled_reduction,0.08006407690254357,0.6962323390894819,0.21428571428571427
PI-DLNN,173,daily_flattening,-0.0167859915566148,0.35925612848689775,0.23076923076923078
PI-DLNN,173,noise,-0.08770580193070293,0.44740973312401877,0.14285714285714285
PI-DLNN,173,partial_zeroing,0.39918291822690144,0.8772893772893773,0.8333333333333334
PI-DLNN,173,peak_clipping,0.24471520910998584,0.6208791208791209,0.5555555555555556
PI-DLNN,173,reversal,-0.08770580193070293,0.4364207221350078,0.14285714285714285
PI-DLNN,173,scaled_reduction,0.28723712157192255,0.7291208791208792,0.6
