dataset,model,seed,epochs,patience,batch,hidden,lr,weight_decay,physics_lambda,smoothness_lambda,threshold,precision,recall,specificity,f1,balanced_accuracy,mcc,auroc,average_precision,brier,ece,tn,fp,fn,tp,n_train,n_validation,n_test,best_epoch,validation_mcc,training_seconds,inference_ms_per_sample,parameter_count,checkpoint_sha256,preprocessing
SGCC,LSTM,11,20,4,512,24,0.001,0.0001,0.0001,0.001,0.725,0.2786377708978328,0.1657458563535911,0.9599174264579392,0.207852193995381,0.5628316414057651,0.1599339094840653,0.6639142152646368,0.1888654727090426,0.2052835524082183,0.3509422032487249,5580,233,453,90,29660,6356,6356,11,0.1981567123771923,23.938793524999937,0.0061617013845412,2617,49ad408597cbcb8f1f76e3f3de48663b65c363ddd43bf0cf1e80096599ba32b2,"{""mean"": 1.659198522567749, ""p995"": 4.9457292556762695, ""std"": 1.1075389385223389}"
SGCC,LSTM,23,20,4,512,24,0.001,0.0001,0.0001,0.001,0.58,0.260047281323877,0.2025782688766114,0.9461551694477894,0.2277432712215321,0.5743667191622004,0.1668020317151039,0.6564263942601505,0.1857216977021198,0.2253152877092361,0.3855019697955826,5500,313,433,110,29660,6356,6356,1,0.1751595133358449,4.221498542000063,0.0044542002831943,2617,5ac32268e59a82032f9d700b3ea2dc9cec55250d944135ea33935a609a2bf0b0,"{""mean"": 1.661300778388977, ""p995"": 4.9457292556762695, ""std"": 1.1057639122009277}"
SGCC,LSTM,37,20,4,512,24,0.001,0.0001,0.0001,0.001,0.58,0.264855687606112,0.287292817679558,0.925511783932565,0.2756183745583039,0.6064023008060615,0.2051391104442567,0.6831650593275566,0.2286669256526353,0.2066519409418106,0.3603171563799311,5380,433,387,156,29660,6356,6356,7,0.2076790704751339,10.187431841000034,0.0060628859345468,2617,157b2fdf621bc73f42aa076e461c101aabfe476f8657c22f0158601077bbcc50,"{""mean"": 1.6570286750793457, ""p995"": 4.910050392150879, ""std"": 1.1032549142837524}"
SGCC,LSTM,53,20,4,512,24,0.001,0.0001,0.0001,0.001,0.7499999999999999,0.384180790960452,0.1252302025782689,0.9812489248236712,0.1888888888888888,0.5532395637009699,0.1808917785901328,0.6655258313192094,0.1964211367287692,0.2182802259922027,0.3758470003356567,5704,109,475,68,29660,6356,6356,2,0.2236700245342783,5.394651820000036,0.0036064339207226,2617,65c7e938caf3b2870cd79da1ba28bc7ce9eba8fd6bc2bd4a88c0bd9cc4184ed5,"{""mean"": 1.655530333518982, ""p995"": 4.9090375900268555, ""std"": 1.1081187725067139}"
SGCC,LSTM,71,20,4,512,24,0.001,0.0001,0.0001,0.001,0.6399999999999999,0.2909090909090909,0.2357274401473296,0.9463271976604164,0.2604272634791454,0.591027318903873,0.2004755447938361,0.6925358447551512,0.2204364200374051,0.2144226133823394,0.3701426833211587,5501,312,415,128,29660,6356,6356,8,0.1946991456728516,10.537310571000036,0.0047953453429852,2617,8273e87e7c72f359d2156d0771cf38f3df4daba9d4d54e063bda9399a9b7822d,"{""mean"": 1.6630699634552002, ""p995"": 4.93992280960083, ""std"": 1.106569528579712}"
SGCC,LSTM,89,20,4,512,24,0.001,0.0001,0.0001,0.001,0.62,0.1968911917098445,0.3499079189686924,0.8666781352141751,0.2519893899204244,0.6082930270914337,0.1687066660159302,0.6819814545349709,0.1924727685377381,0.2146079987287521,0.3605331061413784,5038,775,353,190,29660,6356,6356,20,0.191958804299136,17.709572551000065,0.0046528821585788,2617,9c1415ef7ed69c2eb9cadd4ecd8ed9d0b1f3f87100fc18f9d25ebce6795ddbe5,"{""mean"": 1.6562169790267944, ""p995"": 4.927568435668945, ""std"": 1.1022279262542725}"
SGCC,LSTM,107,20,4,512,24,0.001,0.0001,0.0001,0.001,0.72,0.3098159509202454,0.1863468634686347,0.9613003095975232,0.2327188940092165,0.573823586533079,0.1869368141592128,0.6635387987006806,0.2117864227968451,0.2155776768922805,0.3694039827120086,5589,225,441,101,29660,6356,6356,11,0.2373142083964577,14.189836880999792,0.003905904657038,2617,a6ddedc8183b573f417dce71c4c7a5bc2e799d0b95f0d6ecc665beb623ecc50b,"{""mean"": 1.6612826585769653, ""p995"": 4.9096879959106445, ""std"": 1.1027220487594604}"
SGCC,LSTM,131,20,4,512,24,0.001,0.0001,0.0001,0.001,0.7649999999999999,0.2866449511400651,0.1620626151012891,0.9623258214347152,0.2070588235294117,0.5621942182680022,0.1621694730024015,0.6621513220985921,0.1925078365512794,0.2319205701351165,0.3886702620829328,5594,219,455,88,29660,6356,6356,2,0.190789376266549,4.824092672999996,0.0080906815607187,2617,e706c911d9aa8b823c058759f2d3435288dac32ef490f63494a4195d26852a2b,"{""mean"": 1.65463387966156, ""p995"": 4.932785511016846, ""std"": 1.1015292406082153}"
SGCC,LSTM,149,20,4,512,24,0.001,0.0001,0.0001,0.001,0.6,0.2309859154929577,0.3020257826887661,0.9060725959057284,0.2617717478052673,0.6040491892972473,0.184658439619459,0.6592765817645659,0.2159973746119952,0.223265916109085,0.3791520854656316,5267,546,379,164,29660,6356,6356,9,0.1944989521028134,11.422840548000067,0.0044293351164497,2617,6fb2f3108d20719baa2fcb1077c374843967067286a2f74836e983fd36eb7225,"{""mean"": 1.6593199968338013, ""p995"": 4.9356303215026855, ""std"": 1.1055059432983398}"
SGCC,LSTM,173,20,4,512,24,0.001,0.0001,0.0001,0.001,0.6549999999999999,0.2933753943217665,0.1712707182320442,0.961465680371581,0.2162790697674418,0.5663681993018126,0.1704425254684789,0.6715751733192163,0.194681542101557,0.2131430953741073,0.3672406630059546,5589,224,450,93,29660,6356,6356,4,0.1939607357000926,6.435936660999914,0.0039571106041482,2617,b2b94f819974cfa83f4d60d72ca9a1448cfbc0b946ea0adb763246ffa11a354d,"{""mean"": 1.6609737873077393, ""p995"": 4.925848007202148, ""std"": 1.1032264232635498}"
SGCC,Attention-LSTM,11,20,4,512,24,0.001,0.0001,0.0001,0.001,0.8499999999999999,0.3617021276595745,0.0939226519337016,0.9845174608635816,0.1491228070175438,0.5392200563986417,0.1488703340797621,0.6543059802139043,0.1880813015799129,0.2406448572874069,0.3955014104772619,5723,90,492,51,29660,6356,6356,6,0.2128819951502425,11.82195416500008,0.0055365959723152,2642,900f8a6acd0633393f7240d94c8e5b39c1b11a5fe0506b419f8e16362017408e,"{""mean"": 1.659198522567749, ""p995"": 4.9457292556762695, ""std"": 1.1075389385223389}"
SGCC,Attention-LSTM,23,20,4,512,24,0.001,0.0001,0.0001,0.001,0.62,0.224233983286908,0.2965009208103131,0.9041802855668328,0.2553528945281522,0.600340603188573,0.1772074684871155,0.6805629346048847,0.1919237127316657,0.2082600891590118,0.3544367607460223,5256,557,382,161,29660,6356,6356,12,0.1928702215387353,16.1328090290001,0.0055671164254448,2642,7bdd616b114c14239c067f122c2c032d9cad904bcce9f7549c1ebae3c6e509d1,"{""mean"": 1.661300778388977, ""p995"": 4.9457292556762695, ""std"": 1.1057639122009277}"
SGCC,Attention-LSTM,37,20,4,512,24,0.001,0.0001,0.0001,0.001,0.595,0.2207792207792207,0.3756906077348066,0.8761396869086531,0.278118609406953,0.6259151473217298,0.1997064922834666,0.6733884393873009,0.2221616966028893,0.2297427952289581,0.3893967705554298,5093,720,339,204,29660,6356,6356,4,0.1989785724024464,8.420408514999963,0.0060983167086469,2642,d3bca0ad3e5a440f11abc4bdf006306763bd5c1759410fc401ba0b8bcbec1639,"{""mean"": 1.6570286750793457, ""p995"": 4.910050392150879, ""std"": 1.1032549142837524}"
SGCC,Attention-LSTM,53,20,4,512,24,0.001,0.0001,0.0001,0.001,0.7799999999999999,0.3958333333333333,0.1399631675874769,0.980044727335283,0.2068027210884353,0.56000394746138,0.1959873156813083,0.6721996072180884,0.2073871594764019,0.2291346192359924,0.3865796070688921,5697,116,467,76,29660,6356,6356,7,0.2286243755367508,11.749746888000118,0.0052356740088136,2642,d7e2a32824960e07a9a9a0e0efd1e4d4505318d9663542fa72501f1f348857fa,"{""mean"": 1.655530333518982, ""p995"": 4.9090375900268555, ""std"": 1.1081187725067139}"
SGCC,Attention-LSTM,71,20,4,512,24,0.001,0.0001,0.0001,0.001,0.74,0.3486842105263157,0.1952117863720073,0.9659384138998796,0.2502951593860685,0.5805751001359435,0.2110788281188653,0.6806255047190538,0.2183076769068488,0.2294568419456482,0.388196097671648,5615,198,437,106,29660,6356,6356,5,0.2033954603187664,8.681665130000056,0.0058629993706837,2642,f66a3f093d54e388c50216e4607b5fdda7f67aa219cbc5ea445c917964a55978,"{""mean"": 1.6630699634552002, ""p995"": 4.93992280960083, ""std"": 1.106569528579712}"
SGCC,Attention-LSTM,89,20,4,512,24,0.001,0.0001,0.0001,0.001,0.6849999999999999,0.2254025044722719,0.2320441988950276,0.925511783932565,0.2286751361161524,0.5787779914137963,0.1554989358525889,0.6799091957158322,0.1938561986130513,0.222597986459732,0.3760474591162536,5380,433,417,126,29660,6356,6356,6,0.1843172834877715,10.32645034899997,0.0326896129641281,2642,d546011cd86bf63de125778206bf3af80059772a7b3a4d8ea2d9a5b0e53892fb,"{""mean"": 1.6562169790267944, ""p995"": 4.927568435668945, ""std"": 1.1022279262542725}"
SGCC,Attention-LSTM,107,20,4,512,24,0.001,0.0001,0.0001,0.001,0.7549999999999999,0.3096774193548387,0.1771217712177121,0.9631922944616444,0.2253521126760563,0.5701570328396782,0.1819380130198956,0.6589727429782039,0.2058074346291305,0.2254251837730407,0.3797329966989307,5600,214,446,96,29660,6356,6356,5,0.2316673533442691,8.356477277000067,0.0054126966645988,2642,a5ddbd9cdbe5430d1575844d0e5aefb809fc38f51ed753e0dd9e0ad6f9b5f940,"{""mean"": 1.6612826585769653, ""p995"": 4.9096879959106445, ""std"": 1.1027220487594604}"
SGCC,Attention-LSTM,131,20,4,512,24,0.001,0.0001,0.0001,0.001,0.69,0.301775147928994,0.1878453038674033,0.9594013418200584,0.23155505107832,0.573623322843731,0.1834260630319705,0.6684194218901623,0.2001963736915865,0.2137965857982635,0.3669608974321748,5577,236,441,102,29660,6356,6356,5,0.2002455471826825,9.40960936800002,0.00515690198238,2642,784c51d9a84beca6c1b6f4aa4282aa20861b6c20f8f573c6a1d448855f619216,"{""mean"": 1.65463387966156, ""p995"": 4.932785511016846, ""std"": 1.1015292406082153}"
SGCC,Attention-LSTM,149,20,4,512,24,0.001,0.0001,0.0001,0.001,0.6499999999999999,0.2459546925566343,0.2799263351749539,0.9198348529158782,0.2618432385874246,0.599880594045416,0.1884675908664699,0.6557615669964348,0.2166534014618961,0.2277601212263107,0.3827141783967417,5347,466,391,152,29660,6356,6356,5,0.1892196065754582,8.398754983000117,0.0051192553492871,2642,8970d85ffb4ba2c6ccf917ecce495a2312f91642aa4e6b43e23ba4390195a716,"{""mean"": 1.6593199968338013, ""p995"": 4.9356303215026855, ""std"": 1.1055059432983398}"
SGCC,Attention-LSTM,173,20,4,512,24,0.001,0.0001,0.0001,0.001,0.7949999999999999,0.3543307086614173,0.0828729281767955,0.9858936865645966,0.1343283582089552,0.5343833073706961,0.1373620285044917,0.6595210012232061,0.1926493219768909,0.2196266949176788,0.3756072939923906,5731,82,498,45,29660,6356,6356,2,0.202182278767557,5.891978685999902,0.0191617651038494,2642,86c8768162cef33d614a42eecaca7593285ffd4b8bcf2b99c480aa8413257466,"{""mean"": 1.6609737873077393, ""p995"": 4.925848007202148, ""std"": 1.1032264232635498}"
SGCC,CNN-LSTM,11,20,4,512,24,0.001,0.0001,0.0001,0.001,0.73,0.297752808988764,0.1952117863720073,0.9569929468432824,0.235817575083426,0.5761023666076448,0.1850238060008973,0.6722403173936362,0.19751519929516,0.2115169167518615,0.360766028377003,5563,250,437,106,29660,6356,6356,9,0.2068232634977084,9.701870322999866,0.0044419932347613,3337,d7f3b3f8b4c7b0ca0c6f906e4e822985f8044f633aaf6ef71b4ce5b045e18d75,"{""mean"": 1.659198522567749, ""p995"": 4.9457292556762695, ""std"": 1.1075389385223389}"
SGCC,CNN-LSTM,23,20,4,512,24,0.001,0.0001,0.0001,0.001,0.735,0.2916666666666667,0.2191528545119705,0.9502838465508344,0.2502628811777077,0.5847183505314024,0.1932377632898331,0.6844709530521385,0.2086703238131108,0.2235347479581833,0.3788603928955266,5524,289,424,119,29660,6356,6356,5,0.1911456251829456,7.958593626000038,0.004548629326634,3337,88b96d276639f2adda1b19076ee78398a69d0a2e04608827f281e6b1044008fb,"{""mean"": 1.661300778388977, ""p995"": 4.9457292556762695, ""std"": 1.1057639122009277}"
SGCC,CNN-LSTM,37,20,4,512,24,0.001,0.0001,0.0001,0.001,0.635,0.272108843537415,0.2946593001841621,0.9263719249956992,0.2829354553492484,0.6105156125899307,0.2132320186561764,0.690291240912681,0.236625495212253,0.2283407598733902,0.3901487645898847,5385,428,383,160,29660,6356,6356,4,0.2113524079712058,6.316837540999813,0.0033586831340722,3337,36da0cdc061669405d1f1b14d8b632bc8cfc5f710a7f3f4d1d83b897772cfe3e,"{""mean"": 1.6570286750793457, ""p995"": 4.910050392150879, ""std"": 1.1032549142837524}"
SGCC,CNN-LSTM,53,20,4,512,24,0.001,0.0001,0.0001,0.001,0.5549999999999999,0.2068607068607068,0.3664825046040516,0.8687424737656976,0.2644518272425249,0.6176124891848745,0.1834596271162208,0.6777330229855671,0.2069839194223103,0.2142744213342666,0.365554019039798,5050,763,344,199,29660,6356,6356,4,0.2435388177647217,5.299833341999829,0.004666742762749,3337,9c52c0c20cc5ca3b8a4e2eb48b2bc181d3b60e05abb6dc3e7091240f1bf8c951,"{""mean"": 1.655530333518982, ""p995"": 4.9090375900268555, ""std"": 1.1081187725067139}"
SGCC,CNN-LSTM,71,20,4,512,24,0.001,0.0001,0.0001,0.001,0.695,0.299781181619256,0.2523020257826888,0.9449509719594014,0.274,0.598626498871045,0.2134402840740535,0.7033072503080192,0.2376175853699512,0.207686960697174,0.3596527153746823,5493,320,406,137,29660,6356,6356,5,0.2027143013747101,5.963201910999942,0.0053153911264855,3337,e35b0a444022856c2fdd895c47112a26fac1fb6d5390028530f0480b40753663,"{""mean"": 1.6630699634552002, ""p995"": 4.93992280960083, ""std"": 1.106569528579712}"
SGCC,CNN-LSTM,89,20,4,512,24,0.001,0.0001,0.0001,0.001,0.6799999999999999,0.2494669509594882,0.2154696132596685,0.9394460691553416,0.2312252964426877,0.577457841207505,0.1656387793850769,0.6800137432483679,0.2011382868510622,0.2039609551429748,0.3484480788754246,5461,352,426,117,29660,6356,6356,5,0.1829766542849309,7.223426175999975,0.0053656609502742,3337,13038044e1dd2e37baed9c6630ba4734b2d5f1478472f14c7be65e9c898adef0,"{""mean"": 1.6562169790267944, ""p995"": 4.927568435668945, ""std"": 1.1022279262542725}"
SGCC,CNN-LSTM,107,20,4,512,24,0.001,0.0001,0.0001,0.001,0.6399999999999999,0.2642998027613412,0.2472324723247232,0.935844513243894,0.2554814108674929,0.5915384927843087,0.188723559709432,0.6641044583820451,0.2101591828056758,0.2084345370531082,0.357985629571767,5441,373,408,134,29660,6356,6356,4,0.2320739588502624,6.20910128200012,0.0069941694462146,3337,53ec95dabb49701e9cbbbc3f9d5350f9a0e23907cef70ac22666e381ea0fee04,"{""mean"": 1.6612826585769653, ""p995"": 4.9096879959106445, ""std"": 1.1027220487594604}"
SGCC,CNN-LSTM,131,20,4,512,24,0.001,0.0001,0.0001,0.001,0.74,0.2945544554455445,0.2191528545119705,0.9509719594013418,0.2513199577613516,0.5850624069566561,0.1949151496229314,0.6984768374941667,0.2175187176817534,0.2321051806211471,0.3935717226687732,5528,285,424,119,29660,6356,6356,4,0.2011317932420712,8.266635628000131,0.0048130794525009,3337,dc7adf856b442a02f9bf6e806d8b2cd4d9b303106a1c022a9e1350cb9bfffb17,"{""mean"": 1.65463387966156, ""p995"": 4.932785511016846, ""std"": 1.1015292406082153}"
SGCC,CNN-LSTM,149,20,4,512,24,0.001,0.0001,0.0001,0.001,0.6549999999999999,0.2359396433470507,0.3167587476979742,0.9041802855668328,0.270440251572327,0.6104695166324036,0.1938073770442302,0.6803270690352703,0.2247919669229288,0.2218078076839447,0.3749825318582482,5256,557,371,172,29660,6356,6356,7,0.1869856336001968,8.208698322000146,0.0060624570484473,3337,2fe5d83b4dd6181efa0741ca3c776e9cc9ee85bbd3faac5596f099d18602e3c7,"{""mean"": 1.6593199968338013, ""p995"": 4.9356303215026855, ""std"": 1.1055059432983398}"
SGCC,CNN-LSTM,173,20,4,512,24,0.001,0.0001,0.0001,0.001,0.73,0.2746987951807229,0.2099447513812154,0.948219507999312,0.2379958246346555,0.5790821296902636,0.1789594365766728,0.6820967736314649,0.2104528734235826,0.2279216051101684,0.3840081049463447,5512,301,429,114,29660,6356,6356,8,0.2048943242294405,9.262975045999838,0.0041573014474339,3337,1a38d74bc18352e29eb84baf1bc788d2f29c722b1799592bebbcc4c25e78508e,"{""mean"": 1.6609737873077393, ""p995"": 4.925848007202148, ""std"": 1.1032264232635498}"
SGCC,CNN-TCN,11,20,4,512,24,0.001,0.0001,0.0001,0.001,0.7849999999999999,0.3564814814814814,0.141804788213628,0.976088078444865,0.2028985507246377,0.5589464333292465,0.1818764811726538,0.6728164376600488,0.1974654479530065,0.2199477702379226,0.3709096349611681,5674,139,466,77,29660,6356,6356,11,0.2224778454047573,10.42059879899989,0.0052760489301542,3625,6ba4489ea959390e716733d1f9d4e5942d00fb2c67251c935d86a1a1107fad28,"{""mean"": 1.659198522567749, ""p995"": 4.9457292556762695, ""std"": 1.1075389385223389}"
SGCC,CNN-TCN,23,20,4,512,24,0.001,0.0001,0.0001,0.001,0.6449999999999999,0.2621527777777778,0.2780847145488029,0.92688800963358,0.2698838248436103,0.6024863620911914,0.1995818245083382,0.6966375929483006,0.2101773877902605,0.1978639513254165,0.3415778370971497,5388,425,392,151,29660,6356,6356,20,0.2036206886783224,17.997036232000028,0.0050207271868974,3625,c169325bd8ee0815bffa2ef059d1e4210c3659e3383dca5b073ca144e136aa90,"{""mean"": 1.661300778388977, ""p995"": 4.9457292556762695, ""std"": 1.1057639122009277}"
SGCC,CNN-TCN,37,20,4,512,24,0.001,0.0001,0.0001,0.001,0.61,0.252112676056338,0.3296500920810313,0.9086530190951316,0.2857142857142857,0.6191515555880814,0.2114609492080727,0.7010201938311253,0.2386786586930858,0.2206813693046569,0.3798493701305833,5282,531,364,179,29660,6356,6356,4,0.203434827690875,5.215871332999996,0.0038003508495869,3625,fdfc079b0a007baeea97c735265cfe975166ed4098a192250935acf170c7cc16,"{""mean"": 1.6570286750793457, ""p995"": 4.910050392150879, ""std"": 1.1032549142837524}"
SGCC,CNN-TCN,53,20,4,512,24,0.001,0.0001,0.0001,0.001,0.73,0.3265306122448979,0.1767955801104972,0.9659384138998796,0.2293906810035842,0.5713669970051884,0.1899528716731641,0.6845208507381213,0.2151665083768282,0.2197264283895492,0.3760139515437068,5615,198,447,96,29660,6356,6356,10,0.2365346373031192,9.33568981999997,0.004745691472623,3625,c577ffadb0560652337314587fbf605563c64f679708f378d63a011104aadc6f,"{""mean"": 1.655530333518982, ""p995"": 4.9090375900268555, ""std"": 1.1081187725067139}"
SGCC,CNN-TCN,71,20,4,512,24,0.001,0.0001,0.0001,0.001,0.695,0.3099273607748184,0.2357274401473296,0.9509719594013418,0.2677824267782426,0.5933496997743357,0.2117215703494249,0.7032564021899224,0.2332175098441206,0.2164669185876846,0.372506551983748,5528,285,415,128,29660,6356,6356,7,0.206935659384318,7.976243001000057,0.038310337633719,3625,e7d61f14a1519a20e42a77fa9e1ed1b45bcc308acef19cf72ff3e062e3aaa433,"{""mean"": 1.6630699634552002, ""p995"": 4.93992280960083, ""std"": 1.106569528579712}"
SGCC,CNN-TCN,89,20,4,512,24,0.001,0.0001,0.0001,0.001,0.6699999999999999,0.2486486486486486,0.2541436464088398,0.9282642353345948,0.2513661202185792,0.5912039408717173,0.1806116465918797,0.684184714580484,0.2025613276793531,0.2030476629734039,0.3458154202210896,5396,417,405,138,29660,6356,6356,6,0.182857693714195,6.630285488999789,0.0053758310258105,3625,dcd546584eaa81210f541bb8dedc81d2a33de01a0dc3bd064a6bab0eb64ae397,"{""mean"": 1.6562169790267944, ""p995"": 4.927568435668945, ""std"": 1.1022279262542725}"
SGCC,CNN-TCN,107,20,4,512,24,0.001,0.0001,0.0001,0.001,0.725,0.309462915601023,0.2232472324723247,0.953560371517028,0.2593783494105037,0.5884038019946763,0.2055154579527896,0.6794619997283564,0.2266790075987357,0.2146654725074768,0.3648235816965694,5544,270,421,121,29660,6356,6356,10,0.2400557104332449,17.966847316999974,0.0041230539647546,3625,067680716c263b357252368ba5739a3fabe2983d7702fc6cfb5f860117aa04b7,"{""mean"": 1.6612826585769653, ""p995"": 4.9096879959106445, ""std"": 1.1027220487594604}"
SGCC,CNN-TCN,131,20,4,512,24,0.001,0.0001,0.0001,0.001,0.705,0.2857142857142857,0.1878453038674033,0.956132805780148,0.2266666666666666,0.5719890548237756,0.1747925847154298,0.6845260781147482,0.2065372495006199,0.2155957221984863,0.3700747027608717,5558,255,441,102,29660,6356,6356,3,0.2089986950001871,4.246771909000017,0.0048033297671373,3625,abfae93eff23c61d78305ac0a10f721eb6959a35f52525831aacf004a15335c0,"{""mean"": 1.65463387966156, ""p995"": 4.932785511016846, ""std"": 1.1015292406082153}"
SGCC,CNN-TCN,149,20,4,512,24,0.001,0.0001,0.0001,0.001,0.6799999999999999,0.2514970059880239,0.3093922651933701,0.9139858936865646,0.2774566473988439,0.6116890794399674,0.2035976487616108,0.678997731318544,0.2336951872700464,0.2424768954515457,0.4029209020191803,5313,500,375,168,29660,6356,6356,4,0.1942455988109634,5.490751180999951,0.0053209449339172,3625,2d4f58537054148d0babcc4350c1d3e914c05ac758b59f9d70df39de194230b1,"{""mean"": 1.6593199968338013, ""p995"": 4.9356303215026855, ""std"": 1.1055059432983398}"
SGCC,CNN-TCN,173,20,4,512,24,0.001,0.0001,0.0001,0.001,0.735,0.2846153846153846,0.2044198895027624,0.952004128677103,0.2379421221864952,0.5782120090899328,0.1821921185880612,0.6848980138820114,0.20710291474058,0.2259763032197952,0.3771675860402605,5534,279,432,111,29660,6356,6356,7,0.206515847110964,7.724546238999892,0.0042060489301291,3625,f9644ccbe47903149e8268442fc894140f2ef8fecbcd0837db956fbbff369e1c,"{""mean"": 1.6609737873077393, ""p995"": 4.925848007202148, ""std"": 1.1032264232635498}"
SGCC,Transformer,11,20,4,512,24,0.001,0.0001,0.0001,0.001,0.575,0.2150635208711434,0.43646408839779,0.8511955960777567,0.2881458966565349,0.6438298422377734,0.2123944893067389,0.7085186279942176,0.2193628475264429,0.1871412843465805,0.3208213911642062,4948,865,306,237,29660,6356,6356,18,0.2218506861711447,54.85783834999984,0.0077559811201785,2689,6633018cd8dcb2604124a368581c64826299bd66d777835df46a3c04d65f6555,"{""mean"": 1.659198522567749, ""p995"": 4.9457292556762695, ""std"": 1.1075389385223389}"
SGCC,Transformer,23,20,4,512,24,0.001,0.0001,0.0001,0.001,0.74,0.2946635730858468,0.2338858195211786,0.9477034233614312,0.2607802874743326,0.590794621441305,0.2018865477764874,0.7076096980825665,0.2201704383457386,0.1919690817594528,0.3270615315905263,5509,304,416,127,29660,6356,6356,20,0.2326201495798112,48.13874982499988,0.0066480398048745,2689,d0ae713a5b6c48bea2e21c54f079e8b09d7c51c8c3e7e27c8de6298d96ad1510,"{""mean"": 1.661300778388977, ""p995"": 4.9457292556762695, ""std"": 1.1057639122009277}"
SGCC,Transformer,37,20,4,512,24,0.001,0.0001,0.0001,0.001,0.5549999999999999,0.2064466615502686,0.4953959484346225,0.8221228281438155,0.2914409534127844,0.658759388289219,0.2198480570614094,0.7288684883915806,0.2607383100943935,0.1975093483924865,0.3409347673110274,4779,1034,274,269,29660,6356,6356,18,0.2370973852753017,52.015394887999946,0.0095233014474525,2689,d71a4ce4b22782061eb91aa1297dc2860e70bbe6e49ba69c05d922117178a839,"{""mean"": 1.6570286750793457, ""p995"": 4.910050392150879, ""std"": 1.1032549142837524}"
SGCC,Transformer,53,20,4,512,24,0.001,0.0001,0.0001,0.001,0.73,0.2822966507177033,0.2173112338858195,0.9483915362119388,0.2455775234131113,0.5828513850488791,0.1868622644522853,0.7067562100442298,0.2249607826390344,0.2043577134609222,0.3485760351465962,5513,300,425,118,29660,6356,6356,20,0.2654396216513076,49.62366990200008,0.0078853439270173,2689,4247fa779741ca77d3e3f29dbc40c9846f576c835d974ef8e158b092625ef6ba,"{""mean"": 1.655530333518982, ""p995"": 4.9090375900268555, ""std"": 1.1081187725067139}"
SGCC,Transformer,71,20,4,512,24,0.001,0.0001,0.0001,0.001,0.7799999999999999,0.2954091816367265,0.2725598526703499,0.9392740409427146,0.2835249042145594,0.6059169468065323,0.2197420705874119,0.7246579157213827,0.2490167050169268,0.2230406254529953,0.3646161636938982,5460,353,395,148,29660,6356,6356,10,0.2210483630273111,33.844615876000034,0.0085787729704169,2689,77c6aa50037f4e9481ffdaea2be4e172d01859e58ded551747d05b689af0bd37,"{""mean"": 1.6630699634552002, ""p995"": 4.93992280960083, ""std"": 1.106569528579712}"
SGCC,Transformer,89,20,4,512,24,0.001,0.0001,0.0001,0.001,0.7749999999999999,0.2734530938123752,0.2523020257826888,0.937381730603819,0.2624521072796935,0.5948418781932538,0.1967650250592325,0.7177241966393355,0.2280022120568401,0.2395433634519577,0.3935322424407423,5449,364,406,137,29660,6356,6356,14,0.2127215349016133,48.87689284399994,0.0080963415670393,2689,eeb350970f3b77ee96e4b0c9f80956f862133513933928d6321200d01082535c,"{""mean"": 1.6562169790267944, ""p995"": 4.927568435668945, ""std"": 1.1022279262542725}"
SGCC,Transformer,107,20,4,512,24,0.001,0.0001,0.0001,0.001,0.7,0.266199649737303,0.2804428044280442,0.9279325765393877,0.2731356693620844,0.604187690483716,0.2035231557715756,0.7068318361202188,0.2342740398857548,0.1933428943157196,0.3299032822391985,5395,419,390,152,29660,6356,6356,16,0.270848743020259,53.94736196500003,0.0181214786028789,2689,556a1e532b4687b86b3d7d83a447ebc066ec35c162253bd063c3640a5824a25d,"{""mean"": 1.6612826585769653, ""p995"": 4.9096879959106445, ""std"": 1.1027220487594604}"
SGCC,Transformer,131,20,4,512,24,0.001,0.0001,0.0001,0.001,0.5249999999999999,0.1813898704358068,0.567219152854512,0.7608807844486496,0.2748772869254797,0.6640499686515808,0.2072705685149138,0.7270488861094029,0.2380359277518045,0.2127981632947921,0.3614215878119177,4423,1390,235,308,29660,6356,6356,20,0.2339178709602484,55.72560030699992,0.0123870700125746,2689,90ccff73c9cde73ebd14292fdc5c56e35c0e47abc5550bc2eadeba34e376ca69,"{""mean"": 1.65463387966156, ""p995"": 4.932785511016846, ""std"": 1.1015292406082153}"
SGCC,Transformer,149,20,4,512,24,0.001,0.0001,0.0001,0.001,0.715,0.2522658610271903,0.3075506445672191,0.9148460347496988,0.2771784232365145,0.611198339658459,0.2035122934366484,0.7133366851905886,0.2534749937701469,0.1957035958766937,0.3251816060996566,5318,495,376,167,29660,6356,6356,16,0.2216945637459994,55.45528602200011,0.0111666732221505,2689,fdcbc6ba53c8bbfc915573b09789f2bd6ac2b590517ebdcb5f5ba2546083c50c,"{""mean"": 1.6593199968338013, ""p995"": 4.9356303215026855, ""std"": 1.1055059432983398}"
SGCC,Transformer,173,20,4,512,24,0.001,0.0001,0.0001,0.001,0.7499999999999999,0.274,0.2523020257826888,0.937553758816446,0.2627037392138063,0.5949278922995673,0.1971234874715376,0.7098527178715136,0.2232308782261288,0.2090552002191543,0.3490543183340188,5450,363,406,137,29660,6356,6356,13,0.2227475753067373,46.43452294700023,0.0085617194776338,2689,6f27a2bb179908f15f7aa95760ec90344d1970e989f163dd7d14b923df3f2ee9,"{""mean"": 1.6609737873077393, ""p995"": 4.925848007202148, ""std"": 1.1032264232635498}"
SGCC,PI-DLNN,11,20,4,512,24,0.001,0.0001,0.0001,0.001,0.8549999999999999,0.3703703703703703,0.0920810313075506,0.985377601926716,0.1474926253687315,0.5387293166171333,0.1501664523936571,0.6518213922626589,0.1876576905916434,0.2277568280696869,0.3801227157467787,5728,85,493,50,29660,6356,6356,5,0.2101289214495146,11.5655666130001,0.0056881102894473,3267,4936ea25b585dfc7944025d6d4213184f890056befa701b090553f1d1fdd76f1,"{""mean"": 1.659198522567749, ""p995"": 4.9457292556762695, ""std"": 1.1075389385223389}"
SGCC,PI-DLNN,23,20,4,512,24,0.001,0.0001,0.0001,0.001,0.6549999999999999,0.2448979591836734,0.2430939226519337,0.9299845174608636,0.243992606284658,0.5865392200563987,0.1736597350940182,0.6802377284165579,0.1933970896085719,0.2084065526723861,0.3558165688346661,5406,407,411,132,29660,6356,6356,12,0.1912049924048331,25.801265213999613,0.0178817476400222,3267,9174b404912d3e4331e2007d11f2b399177d1de0c954d3645824dcf7523709da,"{""mean"": 1.661300778388977, ""p995"": 4.9457292556762695, ""std"": 1.1057639122009277}"
SGCC,PI-DLNN,37,20,4,512,24,0.001,0.0001,0.0001,0.001,0.57,0.199359487590072,0.4585635359116022,0.8279717873731292,0.2779017857142857,0.6432676616423657,0.2015645235844179,0.7061091241799751,0.2340330893042318,0.2147316336631775,0.3663708094561377,4813,1000,294,249,29660,6356,6356,13,0.2046642472606851,27.64071323300004,0.0069443119886258,3267,037d794c9c11b4ad64897a80ba7bf67616a74467e74e739dc94dd2d28cddb67c,"{""mean"": 1.6570286750793457, ""p995"": 4.910050392150879, ""std"": 1.1032549142837524}"
SGCC,PI-DLNN,53,20,4,512,24,0.001,0.0001,0.0001,0.001,0.7799999999999999,0.3917525773195876,0.1399631675874769,0.9797006709100292,0.2062415196743555,0.5598319192487531,0.1944470210335021,0.6852010433210125,0.213133119616199,0.2135025560855865,0.3648862802875425,5695,118,467,76,29660,6356,6356,8,0.2272435532970538,23.5748533320002,0.0078167767464057,3267,f6fc68fc673d89ed362425e4e64d4774f1349cebc9194548aa45322b2fd3adef,"{""mean"": 1.655530333518982, ""p995"": 4.9090375900268555, ""std"": 1.1081187725067139}"
SGCC,PI-DLNN,71,20,4,512,24,0.001,0.0001,0.0001,0.001,0.72,0.3231707317073171,0.1952117863720073,0.9618097367968348,0.2433983926521239,0.578510761584421,0.1983972821571148,0.6916424385680283,0.2171366583237427,0.2189531326293945,0.3734161604999971,5591,222,437,106,29660,6356,6356,6,0.1987293170495821,12.974317350000092,0.0075395741032308,3267,b345f9e00878689161b3f65be81cbb5953c7987ac7481459b1ab57973d3c6f69,"{""mean"": 1.6630699634552002, ""p995"": 4.93992280960083, ""std"": 1.106569528579712}"
SGCC,PI-DLNN,89,20,4,512,24,0.001,0.0001,0.0001,0.001,0.7799999999999999,0.3003300330033003,0.1675874769797421,0.9635300189231034,0.2151300236406619,0.5655587479514228,0.1720101487819534,0.6715512541110149,0.1936239110176054,0.2289088070392608,0.383713227283512,5601,212,452,91,29660,6356,6356,6,0.1862400423393041,13.3909992519998,0.005380339679092,3267,7cf078d6c7e9c84841c5437e3e446d62fcf736a3e82dbd1fd27ea9cfa811a73b,"{""mean"": 1.6562169790267944, ""p995"": 4.927568435668945, ""std"": 1.1022279262542725}"
SGCC,PI-DLNN,107,20,4,512,24,0.001,0.0001,0.0001,0.001,0.6399999999999999,0.2795180722891566,0.2140221402214022,0.9485724114207086,0.2424242424242424,0.5812972758210554,0.1838185437602486,0.6617443960817317,0.2069451693932376,0.2098031491041183,0.3612169021889426,5515,299,426,116,29660,6356,6356,6,0.2308714525771998,36.18544354699998,0.0097981258652949,3267,02fba7cf0910399eafc1d3c8b8e680e21a3e1c574a1f0db17a707dcb17a6b64b,"{""mean"": 1.6612826585769653, ""p995"": 4.9096879959106445, ""std"": 1.1027220487594604}"
SGCC,PI-DLNN,131,20,4,512,24,0.001,0.0001,0.0001,0.001,0.705,0.3021148036253776,0.1841620626151013,0.9602614828831928,0.2288329519450801,0.572211772749147,0.1816960793526366,0.6634511964197856,0.1964300710971183,0.2186960726976394,0.3745084607034754,5582,231,443,100,29660,6356,6356,5,0.2029962969914153,11.338379313000132,0.0060768077407275,3267,4f4b7e8b2ab298c94e6d73595ca260066e62886e90b0af9f758ada09c8b46000,"{""mean"": 1.65463387966156, ""p995"": 4.932785511016846, ""std"": 1.1015292406082153}"
SGCC,PI-DLNN,149,20,4,512,24,0.001,0.0001,0.0001,0.001,0.625,0.2403433476394849,0.3093922651933701,0.9086530190951316,0.2705314009661835,0.6090226421442508,0.1948117275334728,0.655355890889126,0.2160047243675589,0.2282557338476181,0.3827463195825087,5282,531,375,168,29660,6356,6356,5,0.187518391171696,11.071896040999944,0.0060189988986782,3267,a26d7bddfb38c68a06d1c53df387c4bedceea46dafcfc5151b2abe6307c5c596,"{""mean"": 1.6593199968338013, ""p995"": 4.9356303215026855, ""std"": 1.1055059432983398}"
SGCC,PI-DLNN,173,20,4,512,24,0.001,0.0001,0.0001,0.001,0.82,0.3658536585365853,0.0828729281767955,0.986581799415104,0.1351351351351351,0.5347273637959498,0.1409291295182098,0.6595235357088434,0.1930682432376305,0.222347542643547,0.3793707351036758,5735,78,498,45,29660,6356,6356,2,0.1986057384135859,17.583236595000017,0.0316340978602608,3267,e5a2866b26126201e0647b840ee573a8901bf383734e6c873833f609c2ed0194,"{""mean"": 1.6609737873077393, ""p995"": 4.925848007202148, ""std"": 1.1032264232635498}"
SGCC,PI-DLNN-NoPhysics,11,20,4,512,24,0.001,0.0001,0.0001,0.001,0.8549999999999999,0.3703703703703703,0.0920810313075506,0.985377601926716,0.1474926253687315,0.5387293166171333,0.1501664523936571,0.6518217090733635,0.1876582438544871,0.2277568131685257,0.3801227002829557,5728,85,493,50,29660,6356,6356,5,0.2101289214495146,8.28873544399994,0.006260077407148,3267,26ac35e058a4a6724caaa9f81a0176c65859d1d38894251cfaf2e832a85b755c,"{""mean"": 1.659198522567749, ""p995"": 4.9457292556762695, ""std"": 1.1075389385223389}"
SGCC,PI-DLNN-NoPhysics,23,20,4,512,24,0.001,0.0001,0.0001,0.001,0.6549999999999999,0.2448979591836734,0.2430939226519337,0.9299845174608636,0.243992606284658,0.5865392200563987,0.1736597350940182,0.6802372532005009,0.1933971178639055,0.2084066271781921,0.3558166289597731,5406,407,411,132,29660,6356,6356,12,0.1912049924048331,15.418786432999696,0.005420746853367,3267,b9dc4f9e7b78cffa618adbc7913c67790e919134b26b95e0f8a9a7d1db8e5b53,"{""mean"": 1.661300778388977, ""p995"": 4.9457292556762695, ""std"": 1.1057639122009277}"
SGCC,PI-DLNN-NoPhysics,37,20,4,512,24,0.001,0.0001,0.0001,0.001,0.57,0.199359487590072,0.4585635359116022,0.8279717873731292,0.2779017857142857,0.6432676616423657,0.2015645235844179,0.7061094409906797,0.2340333164653748,0.2147314548492431,0.3663705883956766,4813,1000,294,249,29660,6356,6356,13,0.2046642472606851,17.654678096000225,0.0046085704845564,3267,9fce30fd351c485a1e031e813deafea6009f272c1f2ce8a07805cccaa8401164,"{""mean"": 1.6570286750793457, ""p995"": 4.910050392150879, ""std"": 1.1032549142837524}"
SGCC,PI-DLNN-NoPhysics,53,20,4,512,24,0.001,0.0001,0.0001,0.001,0.7799999999999999,0.3917525773195876,0.1399631675874769,0.9797006709100292,0.2062415196743555,0.5598319192487531,0.1944470210335021,0.6852016769424218,0.2131333327381769,0.2135024517774582,0.3648861901678703,5695,118,467,76,29660,6356,6356,8,0.2272435532970538,11.647264944999732,0.0058052282882259,3267,bd97cdc29eae63afbd204072567fba93b1a8639c8d39906e820e6a1a1ffe1e02,"{""mean"": 1.655530333518982, ""p995"": 4.9090375900268555, ""std"": 1.1081187725067139}"
SGCC,PI-DLNN-NoPhysics,71,20,4,512,24,0.001,0.0001,0.0001,0.001,0.72,0.3231707317073171,0.1952117863720073,0.9618097367968348,0.2433983926521239,0.578510761584421,0.1983972821571148,0.691641804946619,0.2171365951491849,0.2189531177282333,0.3734161170625027,5591,222,437,106,29660,6356,6356,6,0.1987293170495821,10.27344706399981,0.0066383302391595,3267,f036fc1984d346f4a96d328d9c9a7f4854b9f71ef463fb91adbd578bb781b654,"{""mean"": 1.6630699634552002, ""p995"": 4.93992280960083, ""std"": 1.106569528579712}"
SGCC,PI-DLNN-NoPhysics,89,20,4,512,24,0.001,0.0001,0.0001,0.001,0.7799999999999999,0.3003300330033003,0.1675874769797421,0.9635300189231034,0.2151300236406619,0.5655587479514228,0.1720101487819534,0.6715512541110149,0.1936239110176053,0.2289087772369384,0.3837131899977871,5601,212,452,91,29660,6356,6356,6,0.1862400423393041,10.561914966999666,0.0090780410635602,3267,3d996cfdb0761637a0fb138e3b467620bab33e8aa5a244a3b6e98f53c3c6f4ef,"{""mean"": 1.6562169790267944, ""p995"": 4.927568435668945, ""std"": 1.1022279262542725}"
SGCC,PI-DLNN-NoPhysics,107,20,4,512,24,0.001,0.0001,0.0001,0.001,0.6399999999999999,0.2795180722891566,0.2140221402214022,0.9485724114207086,0.2424242424242424,0.5812972758210554,0.1838185437602486,0.6617442374114143,0.2069451203865305,0.2098031491041183,0.3612168811266342,5515,299,426,116,29660,6356,6356,6,0.2308714525771998,10.017902497999785,0.0083297666771643,3267,ee19d7e0510aef21ed9fba1c962924df72dae11f97f4e45f6bf5d53ff25ce7b2,"{""mean"": 1.6612826585769653, ""p995"": 4.9096879959106445, ""std"": 1.1027220487594604}"
SGCC,PI-DLNN-NoPhysics,131,20,4,512,24,0.001,0.0001,0.0001,0.001,0.705,0.3021148036253776,0.1841620626151013,0.9602614828831928,0.2288329519450801,0.572211772749147,0.1816960793526366,0.6634505627983763,0.1964303276854873,0.2186960726976394,0.3745084534638929,5582,231,443,100,29660,6356,6356,5,0.2029962969914153,8.417095622000033,0.0053084573631049,3267,9ee6de72255d8c4eb1f84961e0ee46b79eca84d77fa36d2218f739793ef8ab61,"{""mean"": 1.65463387966156, ""p995"": 4.932785511016846, ""std"": 1.1015292406082153}"
SGCC,PI-DLNN-NoPhysics,149,20,4,512,24,0.001,0.0001,0.0001,0.001,0.625,0.2403433476394849,0.3093922651933701,0.9086530190951316,0.2705314009661835,0.6090226421442508,0.1948117275334728,0.6553557324837738,0.2160044271396081,0.2282557785511016,0.382746355217759,5282,531,375,168,29660,6356,6356,5,0.187518391171696,8.698916007000207,0.0344337984581102,3267,949e41e886cb6cbe1254cc536090dcd8e229a8bf6a0441a291ddabf2adca10c2,"{""mean"": 1.6593199968338013, ""p995"": 4.9356303215026855, ""std"": 1.1055059432983398}"
SGCC,PI-DLNN-NoPhysics,173,20,4,512,24,0.001,0.0001,0.0001,0.001,0.82,0.3658536585365853,0.0828729281767955,0.986581799415104,0.1351351351351351,0.5347273637959498,0.1409291295182098,0.659523852519548,0.193068299014467,0.222347542643547,0.3793707370917477,5735,78,498,45,29660,6356,6356,2,0.1986057384135859,5.992815410000276,0.0091469661736939,3267,a3459e650dc026eee9fd880fddb2490a9155b201970b780073af705a2947080d,"{""mean"": 1.6609737873077393, ""p995"": 4.925848007202148, ""std"": 1.1032264232635498}"
SGCC,Smoothness-LSTM,11,20,4,512,24,0.001,0.0001,0.0001,0.001,0.8499999999999999,0.3617021276595745,0.0939226519337016,0.9845174608635816,0.1491228070175438,0.5392200563986417,0.1488703340797621,0.6543039209443241,0.1880814399083103,0.2406448125839233,0.3955013324735749,5723,90,492,51,29660,6356,6356,6,0.2128819951502425,10.947420110000166,0.0345245141598169,2642,a1f934d0ccea4b12280cb4152c5f41b5bae000036c175832bbe95934e440b076,"{""mean"": 1.659198522567749, ""p995"": 4.9457292556762695, ""std"": 1.1075389385223389}"
SGCC,Smoothness-LSTM,23,20,4,512,24,0.001,0.0001,0.0001,0.001,0.62,0.224233983286908,0.2965009208103131,0.9041802855668328,0.2553528945281522,0.600340603188573,0.1772074684871155,0.6805632514155895,0.1919234695570905,0.2082598060369491,0.354436605516997,5256,557,382,161,29660,6356,6356,12,0.1928702215387353,15.568162458000188,0.0050268653240697,2642,6de0cc8ad31d09eaa113089f69a43ad47fb14d873c5ec60840584a51b18a2a4b,"{""mean"": 1.661300778388977, ""p995"": 4.9457292556762695, ""std"": 1.1057639122009277}"
SGCC,Smoothness-LSTM,37,20,4,512,24,0.001,0.0001,0.0001,0.001,0.595,0.2207792207792207,0.3756906077348066,0.8761396869086531,0.278118609406953,0.6259151473217298,0.1997064922834666,0.67338907300871,0.2221639251819286,0.2297427952289581,0.3893968272061,5093,720,339,204,29660,6356,6356,4,0.1989785724024464,8.396765905999928,0.0097495745752095,2642,f10e2cbeb66dbb78cee5dc79a766d6592d2facc9f3f1b94c388cf8e9d34e6e81,"{""mean"": 1.6570286750793457, ""p995"": 4.910050392150879, ""std"": 1.1032549142837524}"
SGCC,Smoothness-LSTM,53,20,4,512,24,0.001,0.0001,0.0001,0.001,0.7799999999999999,0.3958333333333333,0.1399631675874769,0.980044727335283,0.2068027210884353,0.56000394746138,0.1959873156813083,0.6721946966521662,0.2073855362861554,0.2291346043348312,0.3865795726949423,5697,116,467,76,29660,6356,6356,7,0.2286243755367508,14.710366410000006,0.0055614844241847,2642,ba1f67ff8b39bf64a73d843336fc16941b5734fe499f67fddc7b5d28412ac416,"{""mean"": 1.655530333518982, ""p995"": 4.9090375900268555, ""std"": 1.1081187725067139}"
SGCC,Smoothness-LSTM,71,20,4,512,24,0.001,0.0001,0.0001,0.001,0.74,0.3486842105263157,0.1952117863720073,0.9659384138998796,0.2502951593860685,0.5805751001359435,0.2110788281188653,0.6806259799351109,0.2183079270085414,0.2294568419456482,0.3881961359654754,5615,198,437,106,29660,6356,6356,5,0.2033954603187664,9.007574934999866,0.0085317514160062,2642,497bc546a064f967fc64d4c7d1f52f48b85dddc6f43a5eae8a19ad88c5c3bcb4,"{""mean"": 1.6630699634552002, ""p995"": 4.93992280960083, ""std"": 1.106569528579712}"
SGCC,Smoothness-LSTM,89,20,4,512,24,0.001,0.0001,0.0001,0.001,0.6849999999999999,0.2254025044722719,0.2320441988950276,0.925511783932565,0.2286751361161524,0.5787779914137963,0.1554989358525889,0.6799069780408995,0.1938554552177009,0.2225979417562484,0.3760476546740666,5380,433,417,126,29660,6356,6356,6,0.1843172834877715,10.401852557999971,0.0057584430458947,2642,c79623d91799dade8786cd0f7c3b201a0955df2b4ca813c3be7f7ded2aca3bf1,"{""mean"": 1.6562169790267944, ""p995"": 4.927568435668945, ""std"": 1.1022279262542725}"
SGCC,Smoothness-LSTM,107,20,4,512,24,0.001,0.0001,0.0001,0.001,0.7549999999999999,0.3096774193548387,0.1771217712177121,0.9631922944616444,0.2253521126760563,0.5701570328396782,0.1819380130198956,0.6589730603188385,0.2058098911594337,0.2254252135753631,0.3797330961541007,5600,214,446,96,29660,6356,6356,5,0.2316673533442691,23.399116048999986,0.0084745280050075,2642,7319c411e66c40f0ab7d2bbd8cbeca4325b9eaa1442697d757413d531b5a991f,"{""mean"": 1.6612826585769653, ""p995"": 4.9096879959106445, ""std"": 1.1027220487594604}"
SGCC,Smoothness-LSTM,131,20,4,512,24,0.001,0.0001,0.0001,0.001,0.69,0.301775147928994,0.1878453038674033,0.9594013418200584,0.23155505107832,0.573623322843731,0.1834260630319705,0.6684195802955147,0.2001969745642508,0.2137965857982635,0.3669609635074308,5577,236,441,102,29660,6356,6356,5,0.2002455471826825,9.55377238300025,0.0079917627438826,2642,5fa3f40632e760b1c61afbd1bb31ad98c320987cc9157eae7e10d2d02e023704,"{""mean"": 1.65463387966156, ""p995"": 4.932785511016846, ""std"": 1.1015292406082153}"
SGCC,Smoothness-LSTM,149,20,4,512,24,0.001,0.0001,0.0001,0.001,0.6499999999999999,0.2459546925566343,0.2799263351749539,0.9198348529158782,0.2618432385874246,0.599880594045416,0.1884675908664699,0.655761566996435,0.21665307627341,0.2277600020170211,0.382714160288408,5347,466,391,152,29660,6356,6356,5,0.1892196065754582,9.55884960100002,0.0051513505349339,2642,4e020e583551ffcec6b20b263f78db0d64797b7fc7a8c278ccfa71a9af256918,"{""mean"": 1.6593199968338013, ""p995"": 4.9356303215026855, ""std"": 1.1055059432983398}"
SGCC,Smoothness-LSTM,173,20,4,512,24,0.001,0.0001,0.0001,0.001,0.7949999999999999,0.3543307086614173,0.0828729281767955,0.9858936865645966,0.1343283582089552,0.5343833073706961,0.1373620285044917,0.6595213180339108,0.1926494305253223,0.219626635313034,0.3756072437607544,5731,82,498,45,29660,6356,6356,2,0.202182278767557,6.295158602999891,0.0049491357772122,2642,1544a435f2f92f7aa92f9b37212ae55fd65365f29653f697622efdc65182fc8a,"{""mean"": 1.6609737873077393, ""p995"": 4.925848007202148, ""std"": 1.1032264232635498}"
SGCC,PI-DLNN-Shuffled,11,20,4,512,24,0.001,0.0001,0.0001,0.001,0.815,0.3396226415094339,0.0994475138121546,0.9819370376741786,0.1538461538461538,0.5406922757431667,0.1456641706337564,0.6603268092504924,0.1911689759070233,0.2147543132305145,0.3645945014613765,5708,105,489,54,29660,6356,6356,8,0.2109431283347303,29.37780960500004,0.0061696073002049,3267,41ab3e7d8dc33b932052f6bdd08bbecad52cf02e287701c91cfa5d3796732460,"{""mean"": 1.659198522567749, ""p995"": 4.9457292556762695, ""std"": 1.1075389385223389}"
SGCC,PI-DLNN-Shuffled,23,20,4,512,24,0.001,0.0001,0.0001,0.001,0.6549999999999999,0.2453531598513011,0.2430939226519337,0.9301565456734904,0.244218316373728,0.5866252341627121,0.17397886658892,0.6802229967187914,0.1933911820602903,0.2084064185619354,0.3558138410641084,5407,406,411,132,29660,6356,6356,12,0.1912049924048331,48.79100678399982,0.0091850089678903,3267,86208205a8bf5424a2770f6f3fc048c7b08d2455db6c0d25c668ce479120a9ee,"{""mean"": 1.661300778388977, ""p995"": 4.9457292556762695, ""std"": 1.1057639122009277}"
SGCC,PI-DLNN-Shuffled,37,20,4,512,24,0.001,0.0001,0.0001,0.001,0.57,0.199359487590072,0.4585635359116022,0.8279717873731292,0.2779017857142857,0.6432676616423657,0.2015645235844179,0.7061126090977263,0.2340377602888282,0.2147385627031326,0.3663831019294644,4813,1000,294,249,29660,6356,6356,13,0.2046642472606851,24.50005223900007,0.0052136433290983,3267,d07f0f7bc91358064ed36c2dd1f29f13b564cd3d6dbb78c636ff20412e3c4f36,"{""mean"": 1.6570286750793457, ""p995"": 4.910050392150879, ""std"": 1.1032549142837524}"
SGCC,PI-DLNN-Shuffled,53,20,4,512,24,0.001,0.0001,0.0001,0.001,0.7799999999999999,0.3917525773195876,0.1399631675874769,0.9797006709100292,0.2062415196743555,0.5598319192487531,0.1944470210335021,0.6851962911604428,0.2131289782348172,0.2135065048933029,0.3648922771140417,5695,118,467,76,29660,6356,6356,8,0.2272435532970538,63.518494533000194,0.0058033982064498,3267,5957d6273ec3ed66e5d07076c1ac4ddd76cc692b17b9e7f8979014f808518e23,"{""mean"": 1.655530333518982, ""p995"": 4.9090375900268555, ""std"": 1.1081187725067139}"
SGCC,PI-DLNN-Shuffled,71,20,4,512,24,0.001,0.0001,0.0001,0.001,0.72,0.3231707317073171,0.1952117863720073,0.9618097367968348,0.2433983926521239,0.578510761584421,0.1983972821571148,0.6916310333826607,0.2171406823231945,0.2189509123563766,0.373415056440236,5591,222,437,106,29660,6356,6356,6,0.1987293170495821,13.045440108000092,0.0053116505663777,3267,7e0872c861400a6542b526cc36184cb3e206c824a291881ba4eba859d327294a,"{""mean"": 1.6630699634552002, ""p995"": 4.93992280960083, ""std"": 1.106569528579712}"
SGCC,PI-DLNN-Shuffled,89,20,4,512,24,0.001,0.0001,0.0001,0.001,0.7799999999999999,0.3003300330033003,0.1675874769797421,0.9635300189231034,0.2151300236406619,0.5655587479514228,0.1720101487819534,0.6715469771665021,0.1936213610043622,0.2289146780967712,0.3837204857104,5601,212,452,91,29660,6356,6356,6,0.1862400423393041,12.910772348000137,0.0136367215229692,3267,4fc961bf856894075a5278bb84e29e0639afe4f62b71e339a0f2269da10b3c55,"{""mean"": 1.6562169790267944, ""p995"": 4.927568435668945, ""std"": 1.1022279262542725}"
SGCC,PI-DLNN-Shuffled,107,20,4,512,24,0.001,0.0001,0.0001,0.001,0.6399999999999999,0.2795180722891566,0.2140221402214022,0.9485724114207086,0.2424242424242424,0.5812972758210554,0.1838185437602486,0.6617443960817317,0.2069466079762993,0.2098060250282287,0.3612210737263503,5515,299,426,116,29660,6356,6356,6,0.2308714525771998,13.993953154999872,0.0051309266834476,3267,679506c1bdf71a24346c9bc751505d3ffc647bd4a1d3a51f9d4ed602659b5117,"{""mean"": 1.6612826585769653, ""p995"": 4.9096879959106445, ""std"": 1.1027220487594604}"
SGCC,PI-DLNN-Shuffled,131,20,4,512,24,0.001,0.0001,0.0001,0.001,0.705,0.3021148036253776,0.1841620626151013,0.9602614828831928,0.2288329519450801,0.572211772749147,0.1816960793526366,0.6634515132304902,0.1964417552069071,0.2186958044767379,0.3745081441499213,5582,231,443,100,29660,6356,6356,5,0.2029962969914153,11.430918235000265,0.0048892320641497,3267,5826a9855cd05080a93bef1d40f6ea47c3bdca2e1a2ae0ae45ed8152fc06e906,"{""mean"": 1.65463387966156, ""p995"": 4.932785511016846, ""std"": 1.1015292406082153}"
SGCC,PI-DLNN-Shuffled,149,20,4,512,24,0.001,0.0001,0.0001,0.001,0.625,0.2403433476394849,0.3093922651933701,0.9086530190951316,0.2705314009661835,0.6090226421442508,0.1948117275334728,0.6553555740784214,0.2160039432329696,0.2282519191503524,0.3827432200987809,5282,531,375,168,29660,6356,6356,5,0.187518391171696,29.80595695300008,0.0049679062303629,3267,57ce19667b1d2fc993dcfa5b6ab4d1ea22b315adf93c26b38e72edb2a9e8b09c,"{""mean"": 1.6593199968338013, ""p995"": 4.9356303215026855, ""std"": 1.1055059432983398}"
SGCC,PI-DLNN-Shuffled,173,20,4,512,24,0.001,0.0001,0.0001,0.001,0.82,0.3658536585365853,0.0828729281767955,0.986581799415104,0.1351351351351351,0.5347273637959498,0.1409291295182098,0.6595235357088434,0.1930637000217936,0.2223483920097351,0.3793722122785729,5735,78,498,45,29660,6356,6356,2,0.1986057384135859,7.416552491999937,0.0050293684707747,3267,bc19a42bd73be5de475061a0e8fe3ea9cdb2f4e31fdb671b506a55c5cb1931e2,"{""mean"": 1.6609737873077393, ""p995"": 4.925848007202148, ""std"": 1.1032264232635498}"
UCI,LSTM,11,40,8,512,24,0.001,0.0001,0.0001,0.001,0.5299999999999999,0.6825396825396826,0.4725274725274725,0.7802197802197802,0.5584415584415584,0.6263736263736264,0.2656342559921742,0.625709455379785,0.6300705167923671,0.2507767677307129,0.029595673084259033,71,20,48,43,832,182,182,6,0.22371868507134143,3.500169645999904,0.08706848901026235,2617,fce5febc59ce33d54b29bf6e17d07cb867becaa50c15938ec44d3656d80fb5b6,"{""mean"": 3.8630316257476807, ""p995"": 7.041397571563721, ""std"": 1.4630961418151855}"
UCI,LSTM,23,40,8,512,24,0.001,0.0001,0.0001,0.001,0.5199999999999999,0.6285714285714286,0.24175824175824176,0.8571428571428571,0.3492063492063492,0.5494505494505494,0.12547286652195427,0.5440164231373023,0.5972603898320039,0.24930840730667114,0.02461392407888897,78,13,69,22,832,182,182,4,0.24112141108520604,2.0726977900003476,0.015606181320366046,2617,9076b1d0a7939b8e2f95ae4e2076273a4fadb16c821c22a6831abb8f82d9d832,"{""mean"": 3.441904306411743, ""p995"": 6.972746849060059, ""std"": 1.4500681161880493}"
UCI,LSTM,37,40,8,512,24,0.001,0.0001,0.0001,0.001,0.5299999999999999,0.5576923076923077,0.31868131868131866,0.7472527472527473,0.40559440559440557,0.532967032967033,0.07297563831157798,0.5506581330757154,0.5503772036513161,0.2504979968070984,0.02839106321334839,68,23,62,29,832,182,182,5,0.2149714927269687,2.0553537709997727,0.011742620879706189,2617,c154f70b8d3215835bbd8255adf298872ce22773b3d5db53e5a03cbf793ac282,"{""mean"": 3.7937231063842773, ""p995"": 7.041397571563721, ""std"": 1.396241307258606}"
UCI,LSTM,53,40,8,512,24,0.001,0.0001,0.0001,0.001,0.48999999999999994,0.5571428571428572,0.8571428571428571,0.31868131868131866,0.6753246753246753,0.5879120879120878,0.20865621238292043,0.6475667189952905,0.6823655202062122,0.24967926740646362,0.008739694789215779,29,62,13,78,832,182,182,2,0.23700430343035805,1.4670192379999207,0.015563329670440398,2617,38a7ab1242d067bce0e4c0f523368f4f69c9114740487b2a35e3c376ab5abc33,"{""mean"": 3.5730268955230713, ""p995"": 7.041397571563721, ""std"": 1.5006635189056396}"
UCI,LSTM,71,40,8,512,24,0.001,0.0001,0.0001,0.001,0.5299999999999999,0.5365853658536586,0.4835164835164835,0.5824175824175825,0.5086705202312138,0.532967032967033,0.06625891564490792,0.5438956647747857,0.5270934364918274,0.2564748525619507,0.07958072980681616,53,38,47,44,832,182,182,40,0.35136418446315326,6.355928336000034,0.010672170329488946,2617,b220a318592e654316f5a8fe90930deea5fdf1740b26c314852f0e993b106223,"{""mean"": 3.576669931411743, ""p995"": 6.9501566886901855, ""std"": 1.3719009160995483}"
UCI,LSTM,89,40,8,512,24,0.001,0.0001,0.0001,0.001,0.5249999999999999,0.0,0.0,1.0,0.0,0.5,0.0,0.5586281850018113,0.5950691206660155,0.24919044971466064,0.06333834358624049,91,0,91,0,832,182,182,7,0.1846372364689991,2.407233310000265,0.011295527473931134,2617,5c47434f64edf89565b88d419831b4179c4999440c6e1335ed65d49e3b9167f3,"{""mean"": 3.6022658348083496, ""p995"": 7.041397571563721, ""std"": 1.4698303937911987}"
UCI,LSTM,107,40,8,512,24,0.001,0.0001,0.0001,0.001,0.6599999999999999,0.5833333333333334,0.15384615384615385,0.8901098901098901,0.24347826086956523,0.5219780219780219,0.06495698024616309,0.5663567202028741,0.5326237478956235,0.2512749135494232,0.06795754078980329,81,10,77,14,832,182,182,24,0.25362863675089403,4.840510797999741,0.01668341208612249,2617,204571feeb249a4b54d213aeb9fd5fda165eeb98cdad04b91c0a7155209797c7,"{""mean"": 3.9672324657440186, ""p995"": 7.041397571563721, ""std"": 1.3015989065170288}"
UCI,LSTM,131,40,8,512,24,0.001,0.0001,0.0001,0.001,0.5299999999999999,0.5,0.10989010989010989,0.8901098901098901,0.18018018018018017,0.5,0.0,0.5582659099142616,0.5370764649662947,0.2491855025291443,0.00879623339726379,81,10,81,10,832,182,182,8,0.16807316136320358,2.4441843070003415,0.018257708791349945,2617,304fd89c296eaf8ba398f013553a7a4759058b8f96460b9c6dec73e2c05d6e84,"{""mean"": 3.6984500885009766, ""p995"": 6.972746849060059, ""std"": 1.2706522941589355}"
UCI,LSTM,149,40,8,512,24,0.001,0.0001,0.0001,0.001,0.565,0.5,0.14285714285714285,0.8571428571428571,0.2222222222222222,0.5,0.0,0.5237290182345127,0.5547939751247589,0.25022241473197937,0.0294039249420166,78,13,78,13,832,182,182,6,0.2459549291242073,2.0916877829999976,0.015485291209648035,2617,f50246d19ea9f5ed16fffaa0bb5f4c6bace0a6c0ce8bb743afd3111ea57e4693,"{""mean"": 3.8637781143188477, ""p995"": 7.041397571563721, ""std"": 1.388183355331421}"
UCI,LSTM,173,40,8,512,24,0.001,0.0001,0.0001,0.001,0.5199999999999999,0.6078431372549019,0.34065934065934067,0.7802197802197802,0.43661971830985913,0.5604395604395604,0.13457734288646245,0.56792657891559,0.6175128875713386,0.2493705302476883,0.014316181560139085,71,20,60,31,832,182,182,5,0.22808577638091165,2.0237390319998667,0.10064241208775646,2617,bd5f9b7b6feb1d99a9a0580288cb1f57c1a8ab7cadc139cb9bdfc1bb1551188e,"{""mean"": 3.4952633380889893, ""p995"": 6.9501566886901855, ""std"": 1.447023630142212}"
UCI,Attention-LSTM,11,40,8,512,24,0.001,0.0001,0.0001,0.001,0.5149999999999999,0.6724137931034483,0.42857142857142855,0.7912087912087912,0.5234899328859061,0.6098901098901098,0.2358333153182891,0.6349474701123052,0.6518553314910931,0.2489755004644394,0.013586819171905518,72,19,52,39,832,182,182,10,0.25908195902003417,2.8833617280001818,0.02932540109873366,2642,ddb1729e68e403a0a39fbf01e2c699624a578d7cbc78f0a1373b1553bb4ca75d,"{""mean"": 3.8630316257476807, ""p995"": 7.041397571563721, ""std"": 1.4630961418151855}"
UCI,Attention-LSTM,23,40,8,512,24,0.001,0.0001,0.0001,0.001,0.5099999999999999,0.7045454545454546,0.34065934065934067,0.8571428571428571,0.45925925925925926,0.5989010989010989,0.23099715105270544,0.5766211810167855,0.6492340387362098,0.24852536618709564,0.005649714515759387,78,13,60,31,832,182,182,13,0.2997004492513102,3.300758260999828,0.012529906593504616,2642,d620b87cf2903cf3c8eb924690a975a1d70207fb22bf9a368f39e4ddd1e46bb4,"{""mean"": 3.441904306411743, ""p995"": 6.972746849060059, ""std"": 1.4500681161880493}"
UCI,Attention-LSTM,37,40,8,512,24,0.001,0.0001,0.0001,0.001,0.5049999999999999,0.5636363636363636,0.34065934065934067,0.7362637362637363,0.4246575342465753,0.5384615384615385,0.0837557891245889,0.5830213742301654,0.5479945480949284,0.24892374873161316,0.08010246416369637,67,24,60,31,832,182,182,7,0.2773500981126146,2.6390511879999394,0.029746626373857755,2642,8134201b43495d969b0358775956ff1ed227ba679048b13c8061cc52dcaab018,"{""mean"": 3.7937231063842773, ""p995"": 7.041397571563721, ""std"": 1.396241307258606}"
UCI,Attention-LSTM,53,40,8,512,24,0.001,0.0001,0.0001,0.001,0.5049999999999999,0.6122448979591837,0.32967032967032966,0.7912087912087912,0.42857142857142855,0.5604395604395604,0.136260138068076,0.5975123777321579,0.669417098534543,0.2487432062625885,0.0757727338062538,72,19,61,30,832,182,182,3,0.19728305039201205,1.8501672360002885,0.019345060439133834,2642,fb33003c8555d97137af71d5135511675e0531c3d24ba71064c639129b6d1fa9,"{""mean"": 3.5730268955230713, ""p995"": 7.041397571563721, ""std"": 1.5006635189056396}"
UCI,Attention-LSTM,71,40,8,512,24,0.001,0.0001,0.0001,0.001,0.5099999999999999,0.5064935064935064,0.42857142857142855,0.5824175824175825,0.4642857142857143,0.5054945054945055,0.011121413488021757,0.5569375679265789,0.5918119916243435,0.2483588010072708,0.025980733253143633,53,38,52,39,832,182,182,10,0.2997004492513102,2.969762848999835,0.026518840658664576,2642,c5d00103162e066086f2141334418e7c254c67c43c972c68b90265ea7b0bf842,"{""mean"": 3.576669931411743, ""p995"": 6.9501566886901855, ""std"": 1.3719009160995483}"
UCI,Attention-LSTM,89,40,8,512,24,0.001,0.0001,0.0001,0.001,0.4749999999999999,0.5099337748344371,0.8461538461538461,0.18681318681318682,0.6363636363636364,0.5164835164835164,0.04384821657704933,0.6002898200700398,0.6398232708490621,0.24611899256706238,0.039081167879995424,17,74,14,77,832,182,182,18,0.23655309301829208,4.2005397080001785,0.0190828791221645,2642,19d9c9213905f86ec5ad474c154fdc7b1e2114a6be62a07645a32867c327eccb,"{""mean"": 3.6022658348083496, ""p995"": 7.041397571563721, ""std"": 1.4698303937911987}"
UCI,Attention-LSTM,107,40,8,512,24,0.001,0.0001,0.0001,0.001,0.5149999999999999,0.6307692307692307,0.45054945054945056,0.7362637362637363,0.5256410256410257,0.5934065934065934,0.19493925957690475,0.5934065934065934,0.5449916659070753,0.25201743841171265,0.08394464752176306,67,24,50,41,832,182,182,31,0.28967673658403115,6.60964322000018,0.018882549451578537,2642,9003d69769eaf3a77641a34cdc4c412a1c669965d2b53fbf762f41c57e9c083d,"{""mean"": 3.9672324657440186, ""p995"": 7.041397571563721, ""std"": 1.3015989065170288}"
UCI,Attention-LSTM,131,40,8,512,24,0.001,0.0001,0.0001,0.001,0.5449999999999999,0.5,0.10989010989010989,0.8901098901098901,0.18018018018018017,0.5,0.0,0.5984784446322908,0.5682754609412116,0.24955256283283234,0.028785109519958496,81,10,81,10,832,182,182,6,0.1846372364689991,2.2321672260000014,0.027757840658463526,2642,8ace853f6a27a99aa51c48d35d2f1b199fba755ae20a0f652d8fa852598f8390,"{""mean"": 3.6984500885009766, ""p995"": 6.972746849060059, ""std"": 1.2706522941589355}"
UCI,Attention-LSTM,149,40,8,512,24,0.001,0.0001,0.0001,0.001,0.575,1.0,0.054945054945054944,1.0,0.10416666666666667,0.5274725274725275,0.16807316136320358,0.5627339693273758,0.589598905955691,0.25034815073013306,0.03990614414215088,91,0,86,5,832,182,182,1,0.21442250696755896,1.4915596239998195,0.019158021979200093,2642,f598ad3c23f8699bfbddef11a8e323baf76ab32fbb9761f3fa5d05c21a504013,"{""mean"": 3.8637781143188477, ""p995"": 7.041397571563721, ""std"": 1.388183355331421}"
UCI,Attention-LSTM,173,40,8,512,24,0.001,0.0001,0.0001,0.001,0.5049999999999999,0.6190476190476191,0.42857142857142855,0.7362637362637363,0.5064935064935064,0.5824175824175825,0.17323973216880925,0.5857988165680472,0.65628462002182,0.24693159759044647,0.0350859122616904,67,24,52,39,832,182,182,13,0.36115755925730764,3.584060525000041,0.01498043956077139,2642,5b4eb685c41a207e17827a0d553377ac5cbd966d77a61fa4dab1dcc12c1006cc,"{""mean"": 3.4952633380889893, ""p995"": 6.9501566886901855, ""std"": 1.447023630142212}"
UCI,CNN-LSTM,11,40,8,512,24,0.001,0.0001,0.0001,0.001,0.5249999999999999,0.7272727272727273,0.43956043956043955,0.8351648351648352,0.547945205479452,0.6373626373626373,0.2991278183021032,0.6243207342108441,0.6421478934813989,0.24133288860321045,0.04549742154367676,76,15,51,40,832,182,182,24,0.24609055357847556,5.1626095219999115,0.014653005494507782,3337,9011ca54d23dec1a5168f1266aab599e6158530a8f177ea71826661b39b836a9,"{""mean"": 3.8630316257476807, ""p995"": 7.041397571563721, ""std"": 1.4630961418151855}"
UCI,CNN-LSTM,23,40,8,512,24,0.001,0.0001,0.0001,0.001,0.5049999999999999,0.7,0.3076923076923077,0.8681318681318682,0.42748091603053434,0.5879120879120879,0.21229795697371012,0.5640019321338002,0.6327177168679535,0.24721886217594147,0.06420528397455323,79,12,63,28,832,182,182,10,0.28867513459481287,2.5851757320001525,0.01267843406692139,3337,49e38fa6e94ccadcc9542d09d7f014786b464e3bc4d0122ed9e914d5db3ac9ec,"{""mean"": 3.441904306411743, ""p995"": 6.972746849060059, ""std"": 1.4500681161880493}"
UCI,CNN-LSTM,37,40,8,512,24,0.001,0.0001,0.0001,0.001,0.05,0.5,1.0,0.0,0.6666666666666666,0.5,0.0,0.45308537616229927,0.4933555292187173,0.2523358166217804,0.032548606395721436,0,91,0,91,832,182,182,1,0.0,1.239337317999798,0.014923906594428975,3337,96185dd62ff2f97f9f8ef9e7b2b42c74f31e1dd76d038bd4a84d34968fa70a26,"{""mean"": 3.7937231063842773, ""p995"": 7.041397571563721, ""std"": 1.396241307258606}"
UCI,CNN-LSTM,53,40,8,512,24,0.001,0.0001,0.0001,0.001,0.49499999999999994,0.5,1.0,0.0,0.6666666666666666,0.5,0.0,0.5803646902548002,0.595369224477758,0.24963892996311188,0.04586839413904881,0,91,0,91,832,182,182,6,0.16993235521110622,2.2163075180001215,0.020691989010839067,3337,f2f6b4e671abc4fa632080a6fe73bbcbb85dba109ff162a37437ae06f8c06f0d,"{""mean"": 3.5730268955230713, ""p995"": 7.041397571563721, ""std"": 1.5006635189056396}"
UCI,CNN-LSTM,71,40,8,512,24,0.001,0.0001,0.0001,0.001,0.5199999999999999,0.5066666666666667,0.4175824175824176,0.5934065934065934,0.4578313253012048,0.5054945054945055,0.011162911443718952,0.54872599927545,0.6003082166675392,0.2487766146659851,0.010658854966635267,54,37,53,38,832,182,182,19,0.2997004492513102,3.9678138419999414,0.012222967033377134,3337,d88caccaeb30cf510e70fce2d3019f9668cda4c402ea55b14f8aaa39c7818a34,"{""mean"": 3.576669931411743, ""p995"": 6.9501566886901855, ""std"": 1.3719009160995483}"
UCI,CNN-LSTM,89,40,8,512,24,0.001,0.0001,0.0001,0.001,0.5199999999999999,0.0,0.0,1.0,0.0,0.5,0.0,0.5750513223040695,0.6038069563407054,0.24891193211078644,0.03008685973319378,91,0,91,0,832,182,182,7,0.2,2.098295445000076,0.012219335163675939,3337,1d22f4a824ba8f7fe0f980841f6427419207ee934c11baa6d67089787d5f56f8,"{""mean"": 3.6022658348083496, ""p995"": 7.041397571563721, ""std"": 1.4698303937911987}"
UCI,CNN-LSTM,107,40,8,512,24,0.001,0.0001,0.0001,0.001,0.58,0.5416666666666666,0.14285714285714285,0.8791208791208791,0.22608695652173913,0.510989010989011,0.032478490123081544,0.5622509358773095,0.5320734790395221,0.2490595281124115,0.02165011455724528,80,11,78,13,832,182,182,9,0.24112141108520604,2.333117920999939,0.018741576923275716,3337,f44c85887089fc8c30957133cadc763b35ae2987353ffba36cba99c957bca40f,"{""mean"": 3.9672324657440186, ""p995"": 7.041397571563721, ""std"": 1.3015989065170288}"
UCI,CNN-LSTM,131,40,8,512,24,0.001,0.0001,0.0001,0.001,0.605,0.5,0.10989010989010989,0.8901098901098901,0.18018018018018017,0.5,0.0,0.5787948315420843,0.5491399889319468,0.24744179844856262,0.0452089255655205,81,10,81,10,832,182,182,11,0.22808577638091165,2.6797872899996946,0.0404484175815414,3337,59cf9f8d788b1f1e8180ab5db6fdc1c331589ec0a6e2f06d5b951ab85f2ddd09,"{""mean"": 3.6984500885009766, ""p995"": 6.972746849060059, ""std"": 1.2706522941589355}"
UCI,CNN-LSTM,149,40,8,512,24,0.001,0.0001,0.0001,0.001,0.5549999999999999,1.0,0.06593406593406594,1.0,0.12371134020618557,0.532967032967033,0.1846372364689991,0.5554884675763796,0.5853605082742848,0.24937765300273895,0.024242858637820233,91,0,85,6,832,182,182,10,0.22808577638091165,2.470968151999841,0.04719525274625054,3337,ace636758eea44bbdfce29c0a93dece6cd94ae21f772c6edc70e7050845ee1e2,"{""mean"": 3.8637781143188477, ""p995"": 7.041397571563721, ""std"": 1.388183355331421}"
UCI,CNN-LSTM,173,40,8,512,24,0.001,0.0001,0.0001,0.001,0.49999999999999994,0.6829268292682927,0.3076923076923077,0.8571428571428571,0.42424242424242425,0.5824175824175823,0.19728305039201205,0.5836251660427484,0.6416562654655695,0.2481606900691986,0.07384449603793389,78,13,63,28,832,182,182,9,0.2656844656620286,2.5667344909998064,0.01604889010965193,3337,e8d13c0a9f71c72aeecd5d2395b35e27d36e17cf629da44dae45a95b2e9ad191,"{""mean"": 3.4952633380889893, ""p995"": 6.9501566886901855, ""std"": 1.447023630142212}"
UCI,CNN-TCN,11,40,8,512,24,0.001,0.0001,0.0001,0.001,0.5149999999999999,0.6666666666666666,0.4835164835164835,0.7582417582417582,0.5605095541401274,0.6208791208791209,0.25143267648537193,0.6450911725637,0.6591174881039512,0.24088890850543976,0.09015070131191842,69,22,47,44,832,182,182,17,0.26967994498529685,3.603768406999734,0.012176527471828003,3625,caa2a6a5e68989c09669b3cbd1a2b9838b42f7b8b289aaf2be0ba8c715d1679d,"{""mean"": 3.8630316257476807, ""p995"": 7.041397571563721, ""std"": 1.4630961418151855}"
UCI,CNN-TCN,23,40,8,512,24,0.001,0.0001,0.0001,0.001,0.49999999999999994,0.723404255319149,0.37362637362637363,0.8571428571428571,0.4927536231884058,0.6153846153846154,0.2636352520041483,0.6006520951575895,0.6642824830097518,0.24661779403686523,0.09517258733183476,78,13,57,34,832,182,182,7,0.34726164209741095,2.168369660999815,0.012866736262247406,3625,56cfb1ad086ecdc99cf791051c123827bd142cbb210cb34cd5820efd075f19a4,"{""mean"": 3.441904306411743, ""p995"": 6.972746849060059, ""std"": 1.4500681161880493}"
UCI,CNN-TCN,37,40,8,512,24,0.001,0.0001,0.0001,0.001,0.5099999999999999,0.5714285714285714,0.3516483516483517,0.7362637362637363,0.43537414965986393,0.543956043956044,0.09523809523809523,0.5882139838183794,0.550777936491397,0.2491762340068817,0.008959490519303585,67,24,59,32,832,182,182,3,0.25974038935113547,1.6563112260000707,0.011698549449967366,3625,fffcfd3897e172c14dbe3171ac9a8f70742b70204c505f634b12c9fe89dc2c3f,"{""mean"": 3.7937231063842773, ""p995"": 7.041397571563721, ""std"": 1.396241307258606}"
UCI,CNN-TCN,53,40,8,512,24,0.001,0.0001,0.0001,0.001,0.5249999999999999,0.7941176470588235,0.2967032967032967,0.9230769230769231,0.432,0.6098901098901099,0.2819419372173005,0.6031880207704383,0.6885294696884091,0.24368658661842346,0.04963155516556332,84,7,64,27,832,182,182,9,0.21989091855183412,2.4228527410000424,0.013081934064877595,3625,aec71071eb0597d62f32f3396f0f8331eeb4ebfa6d14ea0c7b90074ffb0021e0,"{""mean"": 3.5730268955230713, ""p995"": 7.041397571563721, ""std"": 1.5006635189056396}"
UCI,CNN-TCN,71,40,8,512,24,0.001,0.0001,0.0001,0.001,0.49999999999999994,0.5476190476190477,0.5054945054945055,0.5824175824175825,0.5257142857142857,0.543956043956044,0.08817334283548109,0.5614056273396932,0.5967658796129303,0.24778519570827484,0.013609847524663923,53,38,45,46,832,182,182,7,0.35136418446315326,2.0786326959996586,0.013113868132907325,3625,b0a1df729818216ea09ee1dd4fa77a051d1ae581653e9a2d704b17059c96690a,"{""mean"": 3.576669931411743, ""p995"": 6.9501566886901855, ""std"": 1.3719009160995483}"
UCI,CNN-TCN,89,40,8,512,24,0.001,0.0001,0.0001,0.001,0.5099999999999999,0.5167785234899329,0.8461538461538461,0.2087912087912088,0.6416666666666667,0.5274725274725275,0.07130498620401957,0.5981161695447409,0.6395259248082207,0.24738942086696625,0.02883957162663174,19,72,14,77,832,182,182,8,0.24609055357847556,2.37057886599996,0.012789197801164566,3625,c22482280ac3a1f16dc7ffd3a6c581ea89b9229d5e76654be8c77b0ad6674d4b,"{""mean"": 3.6022658348083496, ""p995"": 7.041397571563721, ""std"": 1.4698303937911987}"
UCI,CNN-TCN,107,40,8,512,24,0.001,0.0001,0.0001,0.001,0.5299999999999999,0.6307692307692307,0.45054945054945056,0.7362637362637363,0.5256410256410257,0.5934065934065934,0.19493925957690475,0.5949764521193093,0.5463015176321553,0.267353892326355,0.130758652811522,67,24,50,41,832,182,182,16,0.2993171533085211,3.4473222750002606,0.015889521976602667,3625,97a1614d1d701c239407333a1158148cc1faca9bec8ac14d805cb632ed0b4d21,"{""mean"": 3.9672324657440186, ""p995"": 7.041397571563721, ""std"": 1.3015989065170288}"
UCI,CNN-TCN,131,40,8,512,24,0.001,0.0001,0.0001,0.001,0.5599999999999999,0.5,0.10989010989010989,0.8901098901098901,0.18018018018018017,0.5,0.0,0.603912570945538,0.573935691426392,0.24726104736328125,0.017251023879418008,81,10,81,10,832,182,182,3,0.1846372364689991,1.5763691920001293,0.010890131869138594,3625,d7f5027ceea3af90a9391ae65d9a393739092b5d72cae49035fb3a478ed46602,"{""mean"": 3.6984500885009766, ""p995"": 6.972746849060059, ""std"": 1.2706522941589355}"
UCI,CNN-TCN,149,40,8,512,24,0.001,0.0001,0.0001,0.001,0.6699999999999999,0.52,0.14285714285714285,0.8681318681318682,0.22413793103448276,0.5054945054945055,0.015961737689352443,0.5658736867528076,0.5929497106178807,0.2511596381664276,0.057861867841783474,79,12,78,13,832,182,182,6,0.21442250696755896,1.912691019000249,0.010727302199254385,3625,902639e5d2814d21f95f04c406237b711e78ed203114a0c4c42224a56c2c50ae,"{""mean"": 3.8637781143188477, ""p995"": 7.041397571563721, ""std"": 1.388183355331421}"
UCI,CNN-TCN,173,40,8,512,24,0.001,0.0001,0.0001,0.001,0.48999999999999994,0.6285714285714286,0.4835164835164835,0.7142857142857143,0.546583850931677,0.5989010989010989,0.20328927815368153,0.6193696413476634,0.6814962956262516,0.24665766954421997,0.07157520573217789,65,26,47,44,832,182,182,2,0.3897418814769785,1.5594644860002518,0.02526039560467365,3625,b89e4ab99efbfe62b45eed37138a4f7ad84b6fd801801598c8b1595edd07d32b,"{""mean"": 3.4952633380889893, ""p995"": 6.9501566886901855, ""std"": 1.447023630142212}"
UCI,Transformer,11,40,8,512,24,0.001,0.0001,0.0001,0.001,0.5549999999999999,0.6666666666666666,0.4835164835164835,0.7582417582417582,0.5605095541401274,0.6208791208791209,0.25143267648537193,0.6693636034295376,0.7294940134651255,0.23600593209266663,0.12988897830575377,69,22,47,44,832,182,182,11,0.2684624220856097,4.519698754999808,0.02041269230785774,2945,62f96232a58b9b5ef193ea071c678ececa83619ab8d2490499888fa4aa72c1a0,"{""mean"": 3.8630316257476807, ""p995"": 7.041397571563721, ""std"": 1.4630961418151855}"
UCI,Transformer,23,40,8,512,24,0.001,0.0001,0.0001,0.001,0.5099999999999999,0.7346938775510204,0.3956043956043956,0.8571428571428571,0.5142857142857142,0.6263736263736264,0.284907561415068,0.595097210481826,0.6899856246140557,0.24278764426708221,0.0936525762081146,78,13,55,36,832,182,182,12,0.39904344223381105,4.9443222969998715,0.017186879121764323,2945,9a62e30573f4f8b52ec66bf05828aba669f9b1e53f75b8af68197fd684257813,"{""mean"": 3.441904306411743, ""p995"": 6.972746849060059, ""std"": 1.4500681161880493}"
UCI,Transformer,37,40,8,512,24,0.001,0.0001,0.0001,0.001,0.5549999999999999,0.5490196078431373,0.3076923076923077,0.7472527472527473,0.39436619718309857,0.5274725274725275,0.06117151949384656,0.5816930322424828,0.5479079804822979,0.24741502106189728,0.12885458767414093,68,23,63,28,832,182,182,11,0.2773500981126146,4.980257466000239,0.021025329670509973,2945,467caabc91e966c0c5812c47ff2f9d194c28a4f2e3a667ed86845972d81223e0,"{""mean"": 3.7937231063842773, ""p995"": 7.041397571563721, ""std"": 1.396241307258606}"
UCI,Transformer,53,40,8,512,24,0.001,0.0001,0.0001,0.001,0.5449999999999999,1.0,0.054945054945054944,1.0,0.10416666666666667,0.5274725274725275,0.16807316136320358,0.603912570945538,0.6754279817169179,0.2466205209493637,0.011225290350861599,91,0,86,5,832,182,182,5,0.31622776601683794,3.3595010770000044,0.018333016484305787,2945,f58e62ea4502af6a53aa5bcc0472de233cfc08977618e6791f19013bc224d28b,"{""mean"": 3.5730268955230713, ""p995"": 7.041397571563721, ""std"": 1.5006635189056396}"
UCI,Transformer,71,40,8,512,24,0.001,0.0001,0.0001,0.001,0.5449999999999999,0.5476190476190477,0.5054945054945055,0.5824175824175825,0.5257142857142857,0.543956043956044,0.08817334283548109,0.562733969327376,0.5916911794335895,0.25108468532562256,0.06509595880141625,53,38,45,46,832,182,182,10,0.34141531479696996,4.440753243000017,0.017703840660113122,2945,ffa3ee961ca2be8482367690739b6aaa2abc12a12a7fac3526492d23d990d678,"{""mean"": 3.576669931411743, ""p995"": 6.9501566886901855, ""std"": 1.3719009160995483}"
UCI,Transformer,89,40,8,512,24,0.001,0.0001,0.0001,0.001,0.5299999999999999,0.6119402985074627,0.45054945054945056,0.7142857142857143,0.5189873417721519,0.5824175824175825,0.17088539142345313,0.5955802439318925,0.6408289326137819,0.24441197514533997,0.044430865363760313,65,26,50,41,832,182,182,14,0.26082026547865056,5.529377748000115,0.022504846153854056,2945,15f377f5a930de99d379131ff2be1bb4f2495a0c43074b8eeb946f12aafd9dcf,"{""mean"": 3.6022658348083496, ""p995"": 7.041397571563721, ""std"": 1.4698303937911987}"
UCI,Transformer,107,40,8,512,24,0.001,0.0001,0.0001,0.001,0.5249999999999999,0.6307692307692307,0.45054945054945056,0.7362637362637363,0.5256410256410257,0.5934065934065934,0.19493925957690475,0.5917159763313609,0.5456824174954814,0.2486756443977356,0.10239126328583603,67,24,50,41,832,182,182,14,0.2790727860929738,5.4492581899999095,0.018897675822649996,2945,addffc66927fd0d3588ed990658ec6bd38dd34d775d4e5c75e593b749af30c5f,"{""mean"": 3.9672324657440186, ""p995"": 7.041397571563721, ""std"": 1.3015989065170288}"
UCI,Transformer,131,40,8,512,24,0.001,0.0001,0.0001,0.001,0.6799999999999999,0.725,0.31868131868131866,0.8791208791208791,0.44274809160305345,0.5989010989010989,0.23883520159542387,0.6402608380630359,0.6790832887556233,0.23023031651973724,0.07640993889871533,80,11,62,29,832,182,182,24,0.3104602102825332,7.777311290999933,0.0726600989020261,2945,2b0af13f491c82e83fe4efd35c432e99acb7b4db44869e316a4b9f8f4ec1c2df,"{""mean"": 3.6984500885009766, ""p995"": 6.972746849060059, ""std"": 1.2706522941589355}"
UCI,Transformer,149,40,8,512,24,0.001,0.0001,0.0001,0.001,0.595,0.52,0.14285714285714285,0.8681318681318682,0.22413793103448276,0.5054945054945055,0.015961737689352443,0.5480014491003502,0.5793802705864444,0.24924586713314056,0.03389596578839061,79,12,78,13,832,182,182,12,0.2,5.014981126000293,0.027137549450644356,2945,364b2d4a02f8040791d0d48eb5b52ba08f4143ca99d30c13c0c65a3fc8c98b12,"{""mean"": 3.8637781143188477, ""p995"": 7.041397571563721, ""std"": 1.388183355331421}"
UCI,Transformer,173,40,8,512,24,0.001,0.0001,0.0001,0.001,0.5099999999999999,0.6307692307692307,0.45054945054945056,0.7362637362637363,0.5256410256410257,0.5934065934065934,0.19493925957690475,0.5970293442820914,0.6785749947923869,0.24181222915649414,0.059988914937763434,67,24,50,41,832,182,182,17,0.3897418814769785,6.206725901999562,0.06197140659433889,2945,574b7553293dd2f7df077a01fe73714a49de788a1a791a23e25c91334502636b,"{""mean"": 3.4952633380889893, ""p995"": 6.9501566886901855, ""std"": 1.447023630142212}"
UCI,PI-DLNN,11,40,8,512,24,0.001,0.0001,0.0001,0.001,0.5199999999999999,0.6379310344827587,0.4065934065934066,0.7692307692307693,0.4966442953020134,0.5879120879120879,0.18866665225463128,0.6249245260234271,0.6436273300962184,0.24642686545848846,0.02444883165778695,70,21,54,37,832,182,182,16,0.2684624220856097,4.388210069000252,0.020414851648168694,3267,4242644ef81e5365dee9d54d1e38e9a26be23ef3dcaf5030d9892e9cce12f510,"{""mean"": 3.8630316257476807, ""p995"": 7.041397571563721, ""std"": 1.4630961418151855}"
UCI,PI-DLNN,23,40,8,512,24,0.001,0.0001,0.0001,0.001,0.49999999999999994,0.7291666666666666,0.38461538461538464,0.8571428571428571,0.5035971223021583,0.6208791208791209,0.27431506742959905,0.6001690617075233,0.6878616727136388,0.24071703851222992,0.06730296683835461,78,13,56,35,832,182,182,35,0.39904344223381105,6.89439259000028,0.01890565384521004,3267,c2574528c34538dccb3d7d69e564b08d0c6257941cbd837551c2c01c7a10e620,"{""mean"": 3.441904306411743, ""p995"": 6.972746849060059, ""std"": 1.4500681161880493}"
UCI,PI-DLNN,37,40,8,512,24,0.001,0.0001,0.0001,0.001,0.5349999999999999,0.5555555555555556,0.32967032967032966,0.7362637362637363,0.41379310344827586,0.532967032967033,0.07216878364870322,0.5832628909551986,0.5486177140362967,0.25009897351264954,0.033444881439208984,67,24,61,30,832,182,182,7,0.25362863675089403,2.816109129999859,0.017009439561361733,3267,f3a4f8e37ef179afb81100c148a8aff6888516a50f87bcdd532245edf2841a8f,"{""mean"": 3.7937231063842773, ""p995"": 7.041397571563721, ""std"": 1.396241307258606}"
UCI,PI-DLNN,53,40,8,512,24,0.001,0.0001,0.0001,0.001,0.5399999999999999,0.9565217391304348,0.24175824175824176,0.989010989010989,0.38596491228070173,0.6153846153846154,0.34726164209741095,0.6037918125830214,0.6785909573665208,0.251201331615448,0.03850477933883667,90,1,69,22,832,182,182,6,0.18576071235199634,2.3089106410002387,0.014027483517805864,3267,4c42b1ef6a6e48dca30b855fd787d76b82b065cc78b4f6e6c543b3177844cc77,"{""mean"": 3.5730268955230713, ""p995"": 7.041397571563721, ""std"": 1.5006635189056396}"
UCI,PI-DLNN,71,40,8,512,24,0.001,0.0001,0.0001,0.001,0.4799999999999999,0.5476190476190477,0.5054945054945055,0.5824175824175825,0.5257142857142857,0.543956043956044,0.08817334283548109,0.5626132109648593,0.5946120880710458,0.2586398720741272,0.10285762836644938,53,38,45,46,832,182,182,36,0.34141531479696996,6.461651856000117,0.1151178241773348,3267,a0aacaecb22f574b18e9e2870f0f3b032a1df1932bdb1f4e290a53396aa5618c,"{""mean"": 3.576669931411743, ""p995"": 6.9501566886901855, ""std"": 1.3719009160995483}"
UCI,PI-DLNN,89,40,8,512,24,0.001,0.0001,0.0001,0.001,0.4749999999999999,0.5202702702702703,0.8461538461538461,0.21978021978021978,0.6443514644351465,0.532967032967033,0.08458258116519014,0.5978746528197078,0.6340881800376467,0.24638251960277557,0.0395651012659073,20,71,14,77,832,182,182,14,0.23280223035107195,3.995475519000138,0.03594825274636345,3267,f6230f5bbef832ef0f1a65c659deba8044dda7a5bfb57458617f06c99e1a2d55,"{""mean"": 3.6022658348083496, ""p995"": 7.041397571563721, ""std"": 1.4698303937911987}"
UCI,PI-DLNN,107,40,8,512,24,0.001,0.0001,0.0001,0.001,0.48499999999999993,0.6307692307692307,0.45054945054945056,0.7362637362637363,0.5256410256410257,0.5934065934065934,0.19493925957690475,0.5959425190194421,0.5481323299925915,0.2643507122993469,0.10082550707099203,67,24,50,41,832,182,182,39,0.2790727860929738,7.498785596000289,0.013165527471945816,3267,68339008c40f3699ac8b817382d6a5d772b4d8538d656b6214d538785d858886,"{""mean"": 3.9672324657440186, ""p995"": 7.041397571563721, ""std"": 1.3015989065170288}"
UCI,PI-DLNN,131,40,8,512,24,0.001,0.0001,0.0001,0.001,0.5149999999999999,0.5,0.10989010989010989,0.8901098901098901,0.18018018018018017,0.5,0.0,0.5960632773819586,0.5654946405570669,0.24809864163398743,0.025582733390095487,81,10,81,10,832,182,182,9,0.2,3.2648948760001986,0.03225271428333884,3267,b6f9043f834573108a09b8755f6e3ce920725bc8e5be61362d22fd1c3fd5f7f5,"{""mean"": 3.6984500885009766, ""p995"": 6.972746849060059, ""std"": 1.2706522941589355}"
UCI,PI-DLNN,149,40,8,512,24,0.001,0.0001,0.0001,0.001,0.5449999999999999,0.52,0.14285714285714285,0.8681318681318682,0.22413793103448276,0.5054945054945055,0.015961737689352443,0.5637000362275087,0.5912023245904099,0.2496790885925293,0.023346245288848877,79,12,78,13,832,182,182,3,0.17740004829626463,1.8862715899999785,0.017691681318115864,3267,c8d47b85f75b10cb51048b3a9d168ed252cdf9a3443a1ec4c6fdb223b5773075,"{""mean"": 3.8637781143188477, ""p995"": 7.041397571563721, ""std"": 1.388183355331421}"
UCI,PI-DLNN,173,40,8,512,24,0.001,0.0001,0.0001,0.001,0.5199999999999999,0.6290322580645161,0.42857142857142855,0.7472527472527473,0.5098039215686274,0.5879120879120879,0.1854955583040673,0.5860403332930806,0.6571569406565284,0.24780751764774323,0.011865775172527035,68,23,52,39,832,182,182,14,0.36115755925730764,3.8395135189998655,0.018761043955257246,3267,afd35c69c92e15e38a9c01da44e50b4908fa3ecc1e6b5347cf15439252ecadfb,"{""mean"": 3.4952633380889893, ""p995"": 6.9501566886901855, ""std"": 1.447023630142212}"
UCI,PI-DLNN-NoPhysics,11,40,8,512,24,0.001,0.0001,0.0001,0.001,0.5199999999999999,0.6379310344827587,0.4065934065934066,0.7692307692307693,0.4966442953020134,0.5879120879120879,0.18866665225463128,0.6249245260234271,0.6436273300962184,0.24642685055732727,0.02444881724787283,70,21,54,37,832,182,182,16,0.2684624220856097,3.8669038749999345,0.012376593406440737,3267,e36b158a0759b798f95a2387b9b2e655eef71184b8d30b40fca219a863b27430,"{""mean"": 3.8630316257476807, ""p995"": 7.041397571563721, ""std"": 1.4630961418151855}"
UCI,PI-DLNN-NoPhysics,23,40,8,512,24,0.001,0.0001,0.0001,0.001,0.49999999999999994,0.7291666666666666,0.38461538461538464,0.8571428571428571,0.5035971223021583,0.6208791208791209,0.27431506742959905,0.6001690617075233,0.6878616727136388,0.24071703851222992,0.06730294293099709,78,13,56,35,832,182,182,35,0.39904344223381105,6.23394607299997,0.013190346155649851,3267,973342ff611c27f837ca2d800b6ebf7e0d067df6dabbb058022e4fdb6dd5be76,"{""mean"": 3.441904306411743, ""p995"": 6.972746849060059, ""std"": 1.4500681161880493}"
UCI,PI-DLNN-NoPhysics,37,40,8,512,24,0.001,0.0001,0.0001,0.001,0.5349999999999999,0.5555555555555556,0.32967032967032966,0.7362637362637363,0.41379310344827586,0.532967032967033,0.07216878364870322,0.5832628909551986,0.5486177140362967,0.25009897351264954,0.03344482183456421,67,24,61,30,832,182,182,7,0.25362863675089403,2.3947599770003762,0.10611970879176374,3267,742493e930255e2cf906585cc69ade82d474d34aa4e06aebde6ca6b7f320885c,"{""mean"": 3.7937231063842773, ""p995"": 7.041397571563721, ""std"": 1.396241307258606}"
UCI,PI-DLNN-NoPhysics,53,40,8,512,24,0.001,0.0001,0.0001,0.001,0.5399999999999999,0.9565217391304348,0.24175824175824176,0.989010989010989,0.38596491228070173,0.6153846153846154,0.34726164209741095,0.6037918125830214,0.6785909573665208,0.251201331615448,0.03850477933883667,90,1,69,22,832,182,182,6,0.18576071235199634,2.1879909890003546,0.019106835162636962,3267,fd769e84304909160f7f8f1c768895e8b7b980ea4256076e3e2a8a3236303e06,"{""mean"": 3.5730268955230713, ""p995"": 7.041397571563721, ""std"": 1.5006635189056396}"
UCI,PI-DLNN-NoPhysics,71,40,8,512,24,0.001,0.0001,0.0001,0.001,0.4799999999999999,0.5476190476190477,0.5054945054945055,0.5824175824175825,0.5257142857142857,0.543956043956044,0.08817334283548109,0.5626132109648593,0.5946120880710458,0.2586398720741272,0.10285762836644938,53,38,45,46,832,182,182,36,0.34141531479696996,6.384792441999707,0.026286758241809906,3267,9601ff6612bbf435b664f499cdf8a300fbb1751679d98a70d5814b0778d171f7,"{""mean"": 3.576669931411743, ""p995"": 6.9501566886901855, ""std"": 1.3719009160995483}"
UCI,PI-DLNN-NoPhysics,89,40,8,512,24,0.001,0.0001,0.0001,0.001,0.4749999999999999,0.5202702702702703,0.8461538461538461,0.21978021978021978,0.6443514644351465,0.532967032967033,0.08458258116519014,0.5978746528197078,0.6340881800376467,0.24638248980045319,0.0395651012659073,20,71,14,77,832,182,182,14,0.23280223035107195,3.422850914999799,0.02084108791178141,3267,2b2038845231a50866c743fd3860928f6a9db7a855bdee37d442e203a93fa851,"{""mean"": 3.6022658348083496, ""p995"": 7.041397571563721, ""std"": 1.4698303937911987}"
UCI,PI-DLNN-NoPhysics,107,40,8,512,24,0.001,0.0001,0.0001,0.001,0.48499999999999993,0.6307692307692307,0.45054945054945056,0.7362637362637363,0.5256410256410257,0.5934065934065934,0.19493925957690475,0.5959425190194421,0.5481323299925915,0.2643507719039917,0.10082558272304115,67,24,50,41,832,182,182,39,0.2790727860929738,6.489302268999836,0.024839549451416542,3267,cb7c1c0c8b5f361cf6fefc64807192a58b7c2ae9c7704d2a7c6e84690e32662d,"{""mean"": 3.9672324657440186, ""p995"": 7.041397571563721, ""std"": 1.3015989065170288}"
UCI,PI-DLNN-NoPhysics,131,40,8,512,24,0.001,0.0001,0.0001,0.001,0.5149999999999999,0.5,0.10989010989010989,0.8901098901098901,0.18018018018018017,0.5,0.0,0.5960632773819586,0.5658159566678567,0.24809864163398743,0.025582733390095487,81,10,81,10,832,182,182,9,0.2,2.789652783999827,0.022533192307761695,3267,9eb926d6dac92c9e3126654d33348a36d5ded9e52ce5325549f03699cea9750d,"{""mean"": 3.6984500885009766, ""p995"": 6.972746849060059, ""std"": 1.2706522941589355}"
UCI,PI-DLNN-NoPhysics,149,40,8,512,24,0.001,0.0001,0.0001,0.001,0.5449999999999999,0.52,0.14285714285714285,0.8681318681318682,0.22413793103448276,0.5054945054945055,0.015961737689352443,0.5637000362275087,0.5912023245904099,0.2496790885925293,0.0233461856842041,79,12,78,13,832,182,182,3,0.17740004829626463,1.7788977440000053,0.034524901098888186,3267,5cab9db8a4e81312eab41c10deec2bafabeefb4ed8ba10f8730af03ddb14594b,"{""mean"": 3.8637781143188477, ""p995"": 7.041397571563721, ""std"": 1.388183355331421}"
UCI,PI-DLNN-NoPhysics,173,40,8,512,24,0.001,0.0001,0.0001,0.001,0.5199999999999999,0.6290322580645161,0.42857142857142855,0.7472527472527473,0.5098039215686274,0.5879120879120879,0.1854955583040673,0.5860403332930806,0.6571569406565284,0.24780751764774323,0.011865775172527035,68,23,52,39,832,182,182,14,0.36115755925730764,4.31380877599986,0.0660587307710567,3267,4021fc95d3f1b0f49d831d118f604508560569a5a9258692c7f5927c664d3e63,"{""mean"": 3.4952633380889893, ""p995"": 6.9501566886901855, ""std"": 1.447023630142212}"
UCI,Smoothness-LSTM,11,40,8,512,24,0.001,0.0001,0.0001,0.001,0.5149999999999999,0.6724137931034483,0.42857142857142855,0.7912087912087912,0.5234899328859061,0.6098901098901098,0.2358333153182891,0.6349474701123052,0.6518553314910931,0.24897553026676178,0.013586759567260742,72,19,52,39,832,182,182,10,0.25908195902003417,5.104728263999732,0.06024990110055804,2642,cfc035c67f5139f1ab40195ed8589efef462c80dc16cd4e8a9cddc94d567e0e7,"{""mean"": 3.8630316257476807, ""p995"": 7.041397571563721, ""std"": 1.4630961418151855}"
UCI,Smoothness-LSTM,23,40,8,512,24,0.001,0.0001,0.0001,0.001,0.5099999999999999,0.7045454545454546,0.34065934065934067,0.8571428571428571,0.45925925925925926,0.5989010989010989,0.23099715105270544,0.5766211810167855,0.6492340387362098,0.24852536618709564,0.005649719591979134,78,13,60,31,832,182,182,13,0.2997004492513102,7.589383369000188,0.2368718846160586,2642,44dadd14e6724182027b0232461f2f142f0e784d04009215efcb1510896b11d1,"{""mean"": 3.441904306411743, ""p995"": 6.972746849060059, ""std"": 1.4500681161880493}"
UCI,Smoothness-LSTM,37,40,8,512,24,0.001,0.0001,0.0001,0.001,0.5049999999999999,0.5636363636363636,0.34065934065934067,0.7362637362637363,0.4246575342465753,0.5384615384615385,0.0837557891245889,0.5830213742301654,0.5483158642057183,0.24892374873161316,0.08010250460970533,67,24,60,31,832,182,182,7,0.2773500981126146,2.8563203910002812,0.019252934065322164,2642,ee68896ec7f3d6b87cbd0d58c0b1f7859ed36be4534d5378c5c1fb74adfcaaec,"{""mean"": 3.7937231063842773, ""p995"": 7.041397571563721, ""std"": 1.396241307258606}"
UCI,Smoothness-LSTM,53,40,8,512,24,0.001,0.0001,0.0001,0.001,0.5049999999999999,0.6122448979591837,0.32967032967032966,0.7912087912087912,0.42857142857142855,0.5604395604395604,0.136260138068076,0.5975123777321579,0.669417098534543,0.2487432062625885,0.0757727338062538,72,19,61,30,832,182,182,3,0.19728305039201205,2.5368237090001458,0.01965078021944814,2642,d6a708f5e027cf95270d4035781b6f80da166ca984e8e3dd69720b7b9a4b9e29,"{""mean"": 3.5730268955230713, ""p995"": 7.041397571563721, ""std"": 1.5006635189056396}"
UCI,Smoothness-LSTM,71,40,8,512,24,0.001,0.0001,0.0001,0.001,0.5099999999999999,0.5064935064935064,0.42857142857142855,0.5824175824175825,0.4642857142857143,0.5054945054945055,0.011121413488021757,0.5569375679265789,0.5918119916243435,0.2483588010072708,0.025980748645551898,53,38,52,39,832,182,182,10,0.2997004492513102,3.9896784219999972,0.06156297252765889,2642,7b7f7560fca7fcc6fb8a889064c0584d2810a433e5ae670d417f1f4d349f3fc0,"{""mean"": 3.576669931411743, ""p995"": 6.9501566886901855, ""std"": 1.3719009160995483}"
UCI,Smoothness-LSTM,89,40,8,512,24,0.001,0.0001,0.0001,0.001,0.4749999999999999,0.5099337748344371,0.8461538461538461,0.18681318681318682,0.6363636363636364,0.5164835164835164,0.04384821657704933,0.6002898200700398,0.6398232708490621,0.24611899256706238,0.03908131623661127,17,74,14,77,832,182,182,18,0.23655309301829208,5.547968976999982,0.012429148352896515,2642,e3533961e934ae983e2b027337f897386bc33946ae369adbd13473df1f1d7a40,"{""mean"": 3.6022658348083496, ""p995"": 7.041397571563721, ""std"": 1.4698303937911987}"
UCI,Smoothness-LSTM,107,40,8,512,24,0.001,0.0001,0.0001,0.001,0.5149999999999999,0.6307692307692307,0.45054945054945056,0.7362637362637363,0.5256410256410257,0.5934065934065934,0.19493925957690475,0.5934065934065934,0.5449916659070753,0.25201737880706787,0.08394471072888636,67,24,50,41,832,182,182,31,0.28967673658403115,7.002245294000204,0.014805505493363803,2642,b6f2414e50dff39367e9849ffd60222870243d70d83c55bdb1033e4270ef893e,"{""mean"": 3.9672324657440186, ""p995"": 7.041397571563721, ""std"": 1.3015989065170288}"
UCI,Smoothness-LSTM,131,40,8,512,24,0.001,0.0001,0.0001,0.001,0.5449999999999999,0.5,0.10989010989010989,0.8901098901098901,0.18018018018018017,0.5,0.0,0.5984784446322908,0.5682754609412116,0.24955254793167114,0.028785109519958496,81,10,81,10,832,182,182,6,0.1846372364689991,2.1489779479998106,0.013151384614452631,2642,16446f1be0c02d8eccc4e7388f7f9fb88bcb8e820bbe2bc1997e1cd91309a321,"{""mean"": 3.6984500885009766, ""p995"": 6.972746849060059, ""std"": 1.2706522941589355}"
UCI,Smoothness-LSTM,149,40,8,512,24,0.001,0.0001,0.0001,0.001,0.575,1.0,0.054945054945054944,1.0,0.10416666666666667,0.5274725274725275,0.16807316136320358,0.5627339693273758,0.589598905955691,0.25034815073013306,0.03990614414215088,91,0,86,5,832,182,182,1,0.21442250696755896,1.3179147750001903,0.012410653845598483,2642,4f338c35afcd80943f0d1722d3cb894ee386e5286179b2c67821dfb9ebbdb48a,"{""mean"": 3.8637781143188477, ""p995"": 7.041397571563721, ""std"": 1.388183355331421}"
UCI,Smoothness-LSTM,173,40,8,512,24,0.001,0.0001,0.0001,0.001,0.5049999999999999,0.6190476190476191,0.42857142857142855,0.7362637362637363,0.5064935064935064,0.5824175824175825,0.17323973216880925,0.5857988165680472,0.65628462002182,0.24693159759044647,0.03508595647392691,67,24,52,39,832,182,182,13,0.36115755925730764,3.391487169999891,0.017090560439620667,2642,73fe673bf23f2aacda73383ac984888192db8b2cc3edcc1e89d65552c8846f18,"{""mean"": 3.4952633380889893, ""p995"": 6.9501566886901855, ""std"": 1.447023630142212}"
UCI,PI-DLNN-Shuffled,11,40,8,512,24,0.001,0.0001,0.0001,0.001,0.5199999999999999,0.6379310344827587,0.4065934065934066,0.7692307692307693,0.4966442953020134,0.5879120879120879,0.18866665225463128,0.6249245260234271,0.6436273300962184,0.2464270144701004,0.024449988380893253,70,21,54,37,832,182,182,16,0.2684624220856097,4.076991448000172,0.039016186812140016,3267,8df29c1e4231387440660595efc6ea203e5d0065b4d6b6725750b1d2c593c537,"{""mean"": 3.8630316257476807, ""p995"": 7.041397571563721, ""std"": 1.4630961418151855}"
UCI,PI-DLNN-Shuffled,23,40,8,512,24,0.001,0.0001,0.0001,0.001,0.49999999999999994,0.7291666666666666,0.38461538461538464,0.8571428571428571,0.5035971223021583,0.6208791208791209,0.27431506742959905,0.6001690617075233,0.6878616727136388,0.24071842432022095,0.06730832568891758,78,13,56,35,832,182,182,35,0.39904344223381105,6.937726952999583,0.017824730768332523,3267,32c9b951b699723a36d3cef6c948a0b891a701b8c11f2b57fb296dc0bb7ee9f7,"{""mean"": 3.441904306411743, ""p995"": 6.972746849060059, ""std"": 1.4500681161880493}"
UCI,PI-DLNN-Shuffled,37,40,8,512,24,0.001,0.0001,0.0001,0.001,0.5349999999999999,0.5555555555555556,0.32967032967032966,0.7362637362637363,0.41379310344827586,0.532967032967033,0.07216878364870322,0.5832628909551986,0.5486177140362967,0.25009897351264954,0.033445000648498535,67,24,61,30,832,182,182,7,0.25362863675089403,3.180956748999961,0.013486340659145864,3267,2f5f186359699adb41f5052309297dc32d7dc6d929ed15e93e66c22a181f0d35,"{""mean"": 3.7937231063842773, ""p995"": 7.041397571563721, ""std"": 1.396241307258606}"
UCI,PI-DLNN-Shuffled,53,40,8,512,24,0.001,0.0001,0.0001,0.001,0.5399999999999999,0.9565217391304348,0.24175824175824176,0.989010989010989,0.38596491228070173,0.6153846153846154,0.34726164209741095,0.6037918125830214,0.678556846512447,0.2512013614177704,0.03850477933883667,90,1,69,22,832,182,182,6,0.18576071235199634,2.299480596000194,0.012993895604897542,3267,9415225a41eb700f7911229ba2fac0fcbf7eae48f74dd58c4b6114482c6d7e2d,"{""mean"": 3.5730268955230713, ""p995"": 7.041397571563721, ""std"": 1.5006635189056396}"
UCI,PI-DLNN-Shuffled,71,40,8,512,24,0.001,0.0001,0.0001,0.001,0.4799999999999999,0.5476190476190477,0.5054945054945055,0.5824175824175825,0.5257142857142857,0.543956043956044,0.08817334283548109,0.5626132109648593,0.5946120880710458,0.25863638520240784,0.10284847807098221,53,38,45,46,832,182,182,36,0.34141531479696996,6.400120854999841,0.017553945054305086,3267,8da8729e74b6cd6d052a362265db946303bbcc73a18da3ed2066b86333975eb0,"{""mean"": 3.576669931411743, ""p995"": 6.9501566886901855, ""std"": 1.3719009160995483}"
UCI,PI-DLNN-Shuffled,89,40,8,512,24,0.001,0.0001,0.0001,0.001,0.4749999999999999,0.5202702702702703,0.8461538461538461,0.21978021978021978,0.6443514644351465,0.532967032967033,0.08458258116519014,0.5978746528197078,0.6340881800376467,0.24638257920742035,0.039565626409027624,20,71,14,77,832,182,182,14,0.23280223035107195,4.283206439999958,0.013408582417668895,3267,c93f2af911b2e71068e18686040b740220b2bfbb070826fc8b45068dc1e0ea40,"{""mean"": 3.6022658348083496, ""p995"": 7.041397571563721, ""std"": 1.4698303937911987}"
UCI,PI-DLNN-Shuffled,107,40,8,512,24,0.001,0.0001,0.0001,0.001,0.48499999999999993,0.6307692307692307,0.45054945054945056,0.7362637362637363,0.5256410256410257,0.5934065934065934,0.19493925957690475,0.5959425190194421,0.5484536461033813,0.26434972882270813,0.10082530549594335,67,24,50,41,832,182,182,39,0.2790727860929738,6.672043314999883,0.01161049450664515,3267,7db9f3bc1ce83a23a749fadbe424fa9a72f21119a7291e4373392bc5c221a3fe,"{""mean"": 3.9672324657440186, ""p995"": 7.041397571563721, ""std"": 1.3015989065170288}"
UCI,PI-DLNN-Shuffled,131,40,8,512,24,0.001,0.0001,0.0001,0.001,0.5149999999999999,0.5,0.10989010989010989,0.8901098901098901,0.18018018018018017,0.5,0.0,0.5960632773819586,0.5654946405570669,0.24809864163398743,0.02558273797506816,81,10,81,10,832,182,182,9,0.2,3.007423287000165,0.020543719778948137,3267,fe4d60228f86e31acdbce3113023b70077e534889f120a6b67d66cdd5bff1e83,"{""mean"": 3.6984500885009766, ""p995"": 6.972746849060059, ""std"": 1.2706522941589355}"
UCI,PI-DLNN-Shuffled,149,40,8,512,24,0.001,0.0001,0.0001,0.001,0.5449999999999999,0.52,0.14285714285714285,0.8681318681318682,0.22413793103448276,0.5054945054945055,0.015961737689352443,0.5637000362275087,0.5912023245904099,0.2496790885925293,0.0233461856842041,79,12,78,13,832,182,182,3,0.17740004829626463,2.2117848769999,0.02695264835323202,3267,f482c6e3ce97bcc07d8f69f0a9a1c1d90be3fe6d9fe96272afc193d390654bda,"{""mean"": 3.8637781143188477, ""p995"": 7.041397571563721, ""std"": 1.388183355331421}"
UCI,PI-DLNN-Shuffled,173,40,8,512,24,0.001,0.0001,0.0001,0.001,0.5149999999999999,0.5584415584415584,0.4725274725274725,0.6263736263736264,0.5119047619047619,0.5494505494505495,0.10009272139219581,0.5874894336432799,0.6595353743319498,0.24737808108329773,0.025736577563233425,57,34,48,43,832,182,182,16,0.36115755925730764,4.5941002750000735,0.020950049452289683,3267,5c90d2b0460bc507e8282d91f832cc4d0fa2329303f20cf502cba5ceb67b4664,"{""mean"": 3.4952633380889893, ""p995"": 6.9501566886901855, ""std"": 1.447023630142212}"
