,,precision,precision,precision,recall,recall,recall,specificity,specificity,specificity,f1,f1,f1,balanced_accuracy,balanced_accuracy,balanced_accuracy,mcc,mcc,mcc,auroc,auroc,auroc,average_precision,average_precision,average_precision,brier,brier,brier,ece,ece,ece,training_seconds,training_seconds,training_seconds,inference_ms_per_sample,inference_ms_per_sample,inference_ms_per_sample,parameter_count,parameter_count,parameter_count
,,mean,std,median,mean,std,median,mean,std,median,mean,std,median,mean,std,median,mean,std,median,mean,std,median,mean,std,median,mean,std,median,mean,std,median,mean,std,median,mean,std,median,mean,std,median
dataset,model,,,,,,,,,,,,,,,,,,,,,,,,,,,,,,,,,,,,,,,
SGCC,Attention-LSTM,0.2988373348559509,0.0657423819257658,0.30572628364191634,0.20610996717701982,0.09219002299873671,0.1915285451197053,0.9464654534268974,0.037768921806498594,0.9612968181408514,0.22214460880940612,0.04716997268065405,0.2301150935972362,0.5762877103019586,0.028012827589729332,0.5762006571287637,0.17795430699259346,0.02368856275096636,0.18268203802593305,0.6683666394947071,0.010515879511601194,0.6703095145541254,0.2037024277670274,0.012265414031486675,0.20300190416035852,0.2246445775032043,0.009135602897394967,0.2265926524996757,0.37951734721557456,0.012030445777029837,0.3812235875478362,9.91898543900004,2.8038878331126296,9.045637249000038,0.00958409345501476,0.009189102564973016,0.00555185619888,2642.0,0.0,2642.0
SGCC,CNN-LSTM,0.2687129855366956,0.030441640582014786,0.27340381935906893,0.2536366910630432,0.0553791701230371,0.23319266341834685,0.9326004499481637,0.027128146485791968,0.9421985205573715,0.25539304801314217,0.01740415627823278,0.2534006843144222,0.5931185705056035,0.015289048921368521,0.5883004498704825,0.19104378014755244,0.014575276478365543,0.19098066149963255,0.6833061666443357,0.01166065010374881,0.6812119213333676,0.2151473550797788,0.013854498658510692,0.2103060281146292,0.21795838922262187,0.010001684020267257,0.21804111450910565,0.3713977988197452,0.01513843261200351,0.3702682754490231,7.44111731969997,1.474494320747072,7.591009901000007,0.00497241079295729,0.0010217774940835312,0.00473991110762495,3337.0,0.0,3337.0
SGCC,CNN-TCN,0.28871431489026794,0.03646054378433104,0.28516483516483515,0.23411109525459892,0.059701281015803596,0.22948733630982715,0.9432486915470235,0.02247780202040295,0.9514880440392224,0.2508479674945449,0.026154913563325975,0.2553722348145414,0.5886798934008113,0.01899939552777549,0.5898038714331968,0.19413031535214248,0.013846797500690039,0.19476734809075114,0.6870320014991662,0.010001951171245622,0.6845234644264347,0.21712811994466366,0.01472950682870761,0.21267194808354434,0.21764484941959378,0.012127679143313549,0.2180966734886169,0.3701659538454327,0.017303457414552782,0.37170809347245803,9.300464131999956,4.945222782346267,7.850394619999975,0.00809823646947292,0.010629365461593654,0.00491202847701735,3625.0,0.0,3625.0
SGCC,LSTM,0.27963440252822436,0.049466181126033376,0.282641361018949,0.21881884840947854,0.07261632914078307,0.19446256617262303,0.9417003044846105,0.03382500849657591,0.9531223120591779,0.2330347917175013,0.02851009092600482,0.23023108261537428,0.5802595764470444,0.02049524502036596,0.5740951528476397,0.1786156293292877,0.015692604297588994,0.17566715202930586,0.6700090675344731,0.011957596317247824,0.664720023291923,0.20275575974293866,0.015055700756401093,0.19555133941516312,0.21684688776731487,0.00820605772978314,0.2150928378105163,0.370775111248896,0.011810534625686021,0.36977333301658366,10.886196561299993,6.323412819387046,10.362371206000034,0.00501164809629235,0.001376099630535274,0.00455354122088655,2617.0,0.0,2617.0
SGCC,PI-DLNN,0.3017711041264925,0.06268129085843417,0.30122241831433894,0.20869503170169817,0.11076173402236719,0.1896869244935543,0.9452443046204813,0.04793132890700662,0.9610356098400138,0.22110806838054575,0.047457742437773044,0.23562859718466125,0.5769696681610897,0.032022184032897354,0.575361267166784,0.17915006432092312,0.020446234581465085,0.1827573115564426,0.6726637999958734,0.017655042471020194,0.6675012252654002,0.20514297665575393,0.014763538909453179,0.20168762024517795,0.2191362008452415,0.0075784360795485214,0.21882460266351694,0.37221681796872363,0.009668324842814236,0.37396231060173624,19.11266704899999,8.715656225822556,15.487117923499909,0.01047788908117852,0.008294870970367232,0.0072419430459283,3267.0,0.0,3267.0
SGCC,PI-DLNN-NoPhysics,0.3017711041264925,0.06268129085843417,0.30122241831433894,0.20869503170169817,0.11076173402236719,0.1896869244935543,0.9452443046204813,0.04793132890700662,0.9610356098400138,0.22110806838054575,0.047457742437773044,0.23562859718466125,0.5769696681610897,0.032022184032897354,0.575361267166784,0.17915006432092312,0.020446234581465085,0.1827573115564426,0.6726637524477712,0.017655057962572593,0.6675009084546957,0.20514306913148275,0.014763473255320684,0.2016877240360089,0.2191361784934997,0.007578444385777192,0.21882459521293635,0.37221678417665993,0.00966833597240108,0.3739622852631978,10.697155648599937,3.4862550385954942,10.145674780999798,0.00950299830080903,0.00890592407554095,0.006449203823153751,3267.0,0.0,3267.0
SGCC,PI-DLNN-Shuffled,0.29874185130716163,0.05957632234769468,0.30122241831433894,0.20943167995215858,0.10992129713947629,0.1896869244935543,0.9449174510164904,0.04761663663107832,0.9610356098400138,0.22176599223719498,0.04640536415572182,0.23562859718466125,0.5771745654843244,0.03176955381908441,0.575361267166784,0.17873174929442323,0.021183168342054234,0.1827573115564426,0.6735111735876103,0.016717896650134876,0.6674992451984962,0.20549449462564856,0.014338576153026542,0.20169418159160318,0.21783735305070873,0.007030136555792121,0.2167250588536262,0.37066639139732527,0.009502817125510581,0.3698990791848502,25.47909564520005,18.237309396605127,19.24700269699997,0.006533746334172511,0.002804183063099224,0.005262646947738,3267.0,0.0,3267.0
SGCC,Smoothness-LSTM,0.2988373348559509,0.0657423819257658,0.30572628364191634,0.20610996717701982,0.09219002299873671,0.1915285451197053,0.9464654534268974,0.037768921806498594,0.9612968181408514,0.22214460880940612,0.04716997268065405,0.2301150935972362,0.5762877103019586,0.028012827589729332,0.5762006571287637,0.17795430699259346,0.02368856275096636,0.18268203802593305,0.6683659425641499,0.010515791243066602,0.6703071384738405,0.2037027125682144,0.012265817080614465,0.20300343286184225,0.224644523859024,0.009135650319954442,0.2265926077961921,0.37951735922418506,0.012030463763391907,0.38122362822125433,11.783903901300027,4.940075397868369,9.980351079499997,0.009571941000621791,0.008942047513706471,0.00687510289488865,2642.0,0.0,2642.0
SGCC,Transformer,0.2541188062874364,0.039649390723902604,0.2698263717748391,0.3315433596324914,0.12256945086964514,0.27650132854919707,0.8987282309895658,0.06476695466002784,0.9326571535716033,0.2719816791188901,0.014179238497669647,0.27400647814378204,0.6151357953110286,0.029428430279540358,0.6050523186451242,0.2048927959438241,0.01038391976525663,0.203517724604112,0.7151205262165037,0.008810516402084759,0.7115947015310511,0.23512671353132114,0.014766858230699842,0.23113812597129746,0.20544612705707546,0.016198580261628147,0.20093353092670435,0.3461102925831788,0.022534759629031197,0.34475540122881176,49.8919932926,6.534050772605366,50.81953239500001,0.00987247221522168,0.0033588644451833832,0.00857024622402535,2689.0,0.0,2689.0
UCI,Attention-LSTM,0.6319084640389244,0.14743330201864774,0.6156462585034014,0.37582417582417577,0.21432797554522898,0.3846153846153846,0.7307692307692307,0.22089157352562297,0.7637362637362637,0.42531088845938986,0.16218795794256893,0.4617724867724867,0.5532967032967033,0.041039538462448025,0.5494505494505495,0.12780681767376478,0.08788965723478981,0.15216664971563976,0.588974761502234,0.021953166940630278,0.5896027049873203,0.6109286932155978,0.0476134248177696,0.6158176312367027,0.2488495364785194,0.0016427835861652848,0.2488334774971008,0.04278954462363165,0.027821106560597747,0.0370835400708429,3.1761071565000294,1.4500629268920022,2.9265622885000084,0.0217327565936072,0.006135875507262167,0.0192515412091669,2642.0,0.0,2642.0
UCI,CNN-LSTM,0.5658532889874353,0.25463025836583425,0.5241666666666667,0.3791208791208791,0.35846004870220133,0.3076923076923077,0.6923076923076923,0.3815506713553052,0.8626373626373627,0.3720811681295053,0.2299528153990926,0.42586167013647924,0.5357142857142857,0.04929768803551201,0.5082417582417582,0.09369874637036249,0.1159234888857847,0.0218207007834002,0.5625709455379785,0.043745466172670236,0.5695266272189349,0.5875935778765395,0.04929174836660404,0.5978387205726485,0.2482254713773727,0.002805357233349253,0.24884427338838577,0.03938118155513487,0.019490770262285722,0.038878765980620955,2.7320147230999283,1.085740982997563,2.518851321499824,0.02098237747244694,0.012448677014089136,0.015486398352040399,3337.0,0.0,3337.0
UCI,CNN-TCN,0.6099355370922851,0.09719198843872327,0.6,0.4043956043956044,0.20829579422694164,0.41208791208791207,0.7274725274725274,0.20887473427311787,0.7472527472527473,0.4564561267156715,0.14738329175113757,0.5091973244147158,0.5659340659340659,0.04676610012748609,0.5686813186813187,0.1465916565404355,0.10479287084989353,0.14508867740749995,0.598079942035986,0.024081466880388452,0.5993841323511653,0.6193682397017339,0.05371022322236209,0.6181459022105755,0.24879763871431346,0.007097951294080756,0.2473252341151237,0.05638105037448167,0.040584183329434136,0.05374671150367335,2.279636056900017,0.7253195188679391,2.123501178499737,0.0138494164832661,0.004262524151921334,0.01282796703170595,3625.0,0.0,3625.0
UCI,LSTM,0.515370811238817,0.18973534601490913,0.5574175824175824,0.31208791208791203,0.2472025454394348,0.28021978021978017,0.7703296703296703,0.19337398437498843,0.8186813186813187,0.3579737890380029,0.20095099030879307,0.37740037740037735,0.5412087912087912,0.041462386163632854,0.532967032967033,0.093853221198616,0.09055648946172104,0.06961727697824291,0.5686752807631928,0.03838238060302394,0.5584470474580365,0.5824243263197758,0.050835351135529776,0.5749315478953871,0.25059811025857925,0.002190098386864159,0.24995084106922144,0.03547333092479909,0.025583404003661717,0.02889749407768245,2.925852401100019,1.541486364315005,2.2494605465001314,0.03030171428590714,0.033738365644293805,0.01558475549540315,2617.0,0.0,2617.0
UCI,PI-DLNN,0.622686580255848,0.13717355291656827,0.5922939068100359,0.3846153846153846,0.2086304888776285,0.3956043956043956,0.7395604395604396,0.21371672368471845,0.7582417582417582,0.44098282419068974,0.14386193496001906,0.5001207088020858,0.5620879120879121,0.04433974774115765,0.5659340659340659,0.14515646250013398,0.11231518291061958,0.13683445056977417,0.5914382320975727,0.01864743128384584,0.5960028982007004,0.6149384178117965,0.05230716509252514,0.6143501340543462,0.2503402560949325,0.006678635420776735,0.24888886511325836,0.04677444498290068,0.032491567574820565,0.03597483038902275,4.335421538600121,1.9720196773966678,3.9174945190000017,0.030329447252490187,0.030703707532189397,0.018833348900233603,3267.0,0.0,3267.0
UCI,PI-DLNN-NoPhysics,0.622686580255848,0.13717355291656827,0.5922939068100359,0.3846153846153846,0.2086304888776285,0.3956043956043956,0.7395604395604396,0.21371672368471845,0.7582417582417582,0.44098282419068974,0.14386193496001906,0.5001207088020858,0.5620879120879121,0.04433974774115765,0.5659340659340659,0.14515646250013398,0.11231518291061958,0.13683445056977417,0.5914382320975727,0.01864743128384584,0.5960028982007004,0.6149705494228754,0.052273505542555665,0.6143501340543462,0.25034025758504863,0.006678652246454632,0.24888886511325836,0.04677443679544948,0.0324915884723417,0.0359748005867004,3.986290584399967,1.812922617370153,3.644877394999867,0.03458777032992053,0.029432234331673135,0.023686370879589053,3267.0,0.0,3267.0
UCI,PI-DLNN-Shuffled,0.6156275102935523,0.13861942428082735,0.5569985569985569,0.38901098901098896,0.21011724664118017,0.3956043956043956,0.7274725274725274,0.2166319071446297,0.7527472527472527,0.4411929082243032,0.14397509176002563,0.5001207088020858,0.5582417582417583,0.04351117985464945,0.5467032967032968,0.13661617880894683,0.11215388063198319,0.0941330321138384,0.5915831421325927,0.018606408543290088,0.5960028982007004,0.6152049817050101,0.05247534887366379,0.6143501340543462,0.25029702782630914,0.006697137770272212,0.24888886511325836,0.04816130052556045,0.031100505197799663,0.03597488999366755,4.366383479499973,1.7755398353082503,4.180098944000065,0.01943405934076044,0.008326722997267317,0.01768933791131875,3267.0,0.0,3267.0
UCI,Smoothness-LSTM,0.6319084640389244,0.14743330201864774,0.6156462585034014,0.37582417582417577,0.21432797554522898,0.3846153846153846,0.7307692307692307,0.22089157352562297,0.7637362637362637,0.42531088845938986,0.16218795794256893,0.4617724867724867,0.5532967032967033,0.041039538462448025,0.5494505494505495,0.12780681767376478,0.08788965723478981,0.15216664971563976,0.588974761502234,0.021953166940630278,0.5896027049873203,0.6109608248266768,0.04756632026975393,0.6158176312367027,0.24884953200817103,0.0016427703605025644,0.2488334774971008,0.04278957033222843,0.027821124584760177,0.03708363635526905,4.148552831900043,2.101117399130673,3.690582795999944,0.04674757252749775,0.06946187633502193,0.01817174725247135,2642.0,0.0,2642.0
UCI,Transformer,0.6616477959725796,0.13903884510009598,0.6307692307692307,0.356043956043956,0.15157932282524303,0.423076923076923,0.787912087912088,0.1154921296874843,0.7527472527472527,0.43361978336816315,0.15251922078784258,0.5166365280289331,0.5719780219780219,0.04251688604418707,0.5879120879120879,0.16693191114550096,0.08691927159132315,0.18291232550017889,0.5985388238135492,0.03492050536372691,0.5953387272068592,0.6358056683955704,0.06496872735410696,0.6581284571653498,0.24382898360490796,0.006478560776060404,0.2455162480473518,0.07458343396147525,0.03947744648694563,0.07075294885006575,5.222218709499975,1.173612879977319,4.997619296000266,0.02978333351680638,0.020147151087767972,0.0207190109891838,2945.0,0.0,2945.0
